Entity,Management 1,Management 2,Management 3,Management 4,Management 5,Date,Amount
Apex Electronics AU,Income Statement,EBITDA,Gross Profit,Cost of Goods Sold,Components,1/1/21,-2215650
Apex Electronics AU,Income Statement,EBITDA,Gross Profit,Cost of Goods Sold,Direct Labor,1/1/21,-984730
Apex Electronics AU,Income Statement,EBITDA,Gross Profit,Cost of Goods Sold,Freight & Duty,1/1/21,-492370
Apex Electronics AU,Income Statement,EBITDA,Gross Profit,Cost of Goods Sold,Manufacturing Overheads,1/1/21,-738550
Apex Electronics AU,Income Statement,EBITDA,Gross Profit,Cost of Goods Sold,Packaging,1/1/21,-295420
Apex Electronics AU,Income Statement,EBITDA,Gross Profit,Cost of Goods Sold,Warranty Provision,1/1/21,-196950
Apex Electronics AU,Income Statement,EBITDA,Gross Profit,Sales,Accessories,1/1/21,688320
Apex Electronics AU,Income Statement,EBITDA,Gross Profit,Sales,Laptops,1/1/21,2608960
Apex Electronics AU,Income Statement,EBITDA,Gross Profit,Sales,Mobile Devices,1/1/21,1709170
Apex Electronics AU,Income Statement,EBITDA,Gross Profit,Sales,Smart Home Devices,1/1/21,287827
Apex Electronics AU,Income Statement,EBITDA,Gross Profit,Sales,TVs,1/1/21,3082190
Apex Electronics AU,Income Statement,EBITDA,Opex,Facilities,Rent & Utilities,1/1/21,-179040
Apex Electronics AU,Income Statement,EBITDA,Opex,G&A,Other G&A,1/1/21,-89520
Apex Electronics AU,Income Statement,EBITDA,Opex,Logistics,Distribution,1/1/21,-179040
Apex Electronics AU,Income Statement,EBITDA,Opex,People,Benefits,1/1/21,-89520
Apex Electronics AU,Income Statement,EBITDA,Opex,People,Salaries & Wages,1/1/21,-895210
Apex Electronics AU,Income Statement,EBITDA,Opex,Sales & Marketing,Marketing,1/1/21,-179040
Apex Electronics AU,Income Statement,EBITDA,Opex,Technology,IT & Cloud,1/1/21,-179040
Apex Electronics AU,Income Statement,EBITDA,Gross Profit,Cost of Goods Sold,Components,2/1/21,-2232360
Apex Electronics AU,Income Statement,EBITDA,Gross Profit,Cost of Goods Sold,Direct Labor,2/1/21,-992160
Apex Electronics AU,Income Statement,EBITDA,Gross Profit,Cost of Goods Sold,Freight & Duty,2/1/21,-496080
Apex Electronics AU,Income Statement,EBITDA,Gross Profit,Cost of Goods Sold,Manufacturing Overheads,2/1/21,-744120
Apex Electronics AU,Income Statement,EBITDA,Gross Profit,Cost of Goods Sold,Packaging,2/1/21,-297650
Apex Electronics AU,Income Statement,EBITDA,Gross Profit,Cost of Goods Sold,Warranty Provision,2/1/21,-198430
Apex Electronics AU,Income Statement,EBITDA,Gross Profit,Sales,Accessories,2/1/21,696790
Apex Electronics AU,Income Statement,EBITDA,Gross Profit,Sales,Laptops,2/1/21,2737030
Apex Electronics AU,Income Statement,EBITDA,Gross Profit,Sales,Mobile Devices,2/1/21,1673740
Apex Electronics AU,Income Statement,EBITDA,Gross Profit,Sales,Smart Home Devices,2/1/21,316947
Apex Electronics AU,Income Statement,EBITDA,Gross Profit,Sales,TVs,2/1/21,2961240
Apex Electronics AU,Income Statement,EBITDA,Opex,Facilities,Rent & Utilities,2/1/21,-180390
Apex Electronics AU,Income Statement,EBITDA,Opex,G&A,Other G&A,2/1/21,-90200
Apex Electronics AU,Income Statement,EBITDA,Opex,Logistics,Distribution,2/1/21,-180390
Apex Electronics AU,Income Statement,EBITDA,Opex,People,Benefits,2/1/21,-90200
Apex Electronics AU,Income Statement,EBITDA,Opex,People,Salaries & Wages,2/1/21,-901960
Apex Electronics AU,Income Statement,EBITDA,Opex,Sales & Marketing,Marketing,2/1/21,-180390
Apex Electronics AU,Income Statement,EBITDA,Opex,Technology,IT & Cloud,2/1/21,-180390
Apex Electronics AU,Income Statement,EBITDA,Gross Profit,Cost of Goods Sold,Components,3/1/21,-2260700
Apex Electronics AU,Income Statement,EBITDA,Gross Profit,Cost of Goods Sold,Direct Labor,3/1/21,-1004750
Apex Electronics AU,Income Statement,EBITDA,Gross Profit,Cost of Goods Sold,Freight & Duty,3/1/21,-502380
Apex Electronics AU,Income Statement,EBITDA,Gross Profit,Cost of Goods Sold,Manufacturing Overheads,3/1/21,-753570
Apex Electronics AU,Income Statement,EBITDA,Gross Profit,Cost of Goods Sold,Packaging,3/1/21,-301430
Apex Electronics AU,Income Statement,EBITDA,Gross Profit,Cost of Goods Sold,Warranty Provision,3/1/21,-200950
Apex Electronics AU,Income Statement,EBITDA,Gross Profit,Sales,Accessories,3/1/21,701540
Apex Electronics AU,Income Statement,EBITDA,Gross Profit,Sales,Laptops,3/1/21,2586810
Apex Electronics AU,Income Statement,EBITDA,Gross Profit,Sales,Mobile Devices,3/1/21,1727670
Apex Electronics AU,Income Statement,EBITDA,Gross Profit,Sales,Smart Home Devices,3/1/21,346897
Apex Electronics AU,Income Statement,EBITDA,Gross Profit,Sales,TVs,3/1/21,3077430
Apex Electronics AU,Income Statement,EBITDA,Opex,Facilities,Rent & Utilities,3/1/21,-182680
Apex Electronics AU,Income Statement,EBITDA,Opex,G&A,Other G&A,3/1/21,-91340
Apex Electronics AU,Income Statement,EBITDA,Opex,Logistics,Distribution,3/1/21,-182680
Apex Electronics AU,Income Statement,EBITDA,Opex,People,Benefits,3/1/21,-91340
Apex Electronics AU,Income Statement,EBITDA,Opex,People,Salaries & Wages,3/1/21,-913410
Apex Electronics AU,Income Statement,EBITDA,Opex,Sales & Marketing,Marketing,3/1/21,-182680
Apex Electronics AU,Income Statement,EBITDA,Opex,Technology,IT & Cloud,3/1/21,-182680
Apex Electronics AU,Income Statement,EBITDA,Gross Profit,Cost of Goods Sold,Components,4/1/21,-2284480
Apex Electronics AU,Income Statement,EBITDA,Gross Profit,Cost of Goods Sold,Direct Labor,4/1/21,-1015330
Apex Electronics AU,Income Statement,EBITDA,Gross Profit,Cost of Goods Sold,Freight & Duty,4/1/21,-507660
Apex Electronics AU,Income Statement,EBITDA,Gross Profit,Cost of Goods Sold,Manufacturing Overheads,4/1/21,-761490
Apex Electronics AU,Income Statement,EBITDA,Gross Profit,Cost of Goods Sold,Packaging,4/1/21,-304600
Apex Electronics AU,Income Statement,EBITDA,Gross Profit,Cost of Goods Sold,Warranty Provision,4/1/21,-203070
Apex Electronics AU,Income Statement,EBITDA,Gross Profit,Sales,Accessories,4/1/21,666260
Apex Electronics AU,Income Statement,EBITDA,Gross Profit,Sales,Laptops,4/1/21,2747720
Apex Electronics AU,Income Statement,EBITDA,Gross Profit,Sales,Mobile Devices,4/1/21,1621260
Apex Electronics AU,Income Statement,EBITDA,Gross Profit,Sales,Smart Home Devices,4/1/21,373860
Apex Electronics AU,Income Statement,EBITDA,Gross Profit,Sales,TVs,4/1/21,3073430
Apex Electronics AU,Income Statement,EBITDA,Opex,Facilities,Rent & Utilities,4/1/21,-184600
Apex Electronics AU,Income Statement,EBITDA,Opex,G&A,Other G&A,4/1/21,-92300
Apex Electronics AU,Income Statement,EBITDA,Opex,Logistics,Distribution,4/1/21,-184600
Apex Electronics AU,Income Statement,EBITDA,Opex,People,Benefits,4/1/21,-92300
Apex Electronics AU,Income Statement,EBITDA,Opex,People,Salaries & Wages,4/1/21,-923020
Apex Electronics AU,Income Statement,EBITDA,Opex,Sales & Marketing,Marketing,4/1/21,-184600
Apex Electronics AU,Income Statement,EBITDA,Opex,Technology,IT & Cloud,4/1/21,-184600
Apex Electronics AU,Income Statement,EBITDA,Gross Profit,Cost of Goods Sold,Components,5/1/21,-2306070
Apex Electronics AU,Income Statement,EBITDA,Gross Profit,Cost of Goods Sold,Direct Labor,5/1/21,-1024920
Apex Electronics AU,Income Statement,EBITDA,Gross Profit,Cost of Goods Sold,Freight & Duty,5/1/21,-512460
Apex Electronics AU,Income Statement,EBITDA,Gross Profit,Cost of Goods Sold,Manufacturing Overheads,5/1/21,-768690
Apex Electronics AU,Income Statement,EBITDA,Gross Profit,Cost of Goods Sold,Packaging,5/1/21,-307480
Apex Electronics AU,Income Statement,EBITDA,Gross Profit,Cost of Goods Sold,Warranty Provision,5/1/21,-204980
Apex Electronics AU,Income Statement,EBITDA,Gross Profit,Sales,Accessories,5/1/21,662330
Apex Electronics AU,Income Statement,EBITDA,Gross Profit,Sales,Laptops,5/1/21,2712330
Apex Electronics AU,Income Statement,EBITDA,Gross Profit,Sales,Mobile Devices,5/1/21,1683040
Apex Electronics AU,Income Statement,EBITDA,Gross Profit,Sales,Smart Home Devices,5/1/21,426207
Apex Electronics AU,Income Statement,EBITDA,Gross Profit,Sales,TVs,5/1/21,2981150
Apex Electronics AU,Income Statement,EBITDA,Opex,Facilities,Rent & Utilities,5/1/21,-186350
Apex Electronics AU,Income Statement,EBITDA,Opex,G&A,Other G&A,5/1/21,-93170
Apex Electronics AU,Income Statement,EBITDA,Opex,Logistics,Distribution,5/1/21,-186350
Apex Electronics AU,Income Statement,EBITDA,Opex,People,Benefits,5/1/21,-93170
Apex Electronics AU,Income Statement,EBITDA,Opex,People,Salaries & Wages,5/1/21,-931750
Apex Electronics AU,Income Statement,EBITDA,Opex,Sales & Marketing,Marketing,5/1/21,-186350
Apex Electronics AU,Income Statement,EBITDA,Opex,Technology,IT & Cloud,5/1/21,-186350
Apex Electronics AU,Income Statement,EBITDA,Gross Profit,Cost of Goods Sold,Components,6/1/21,-2325620
Apex Electronics AU,Income Statement,EBITDA,Gross Profit,Cost of Goods Sold,Direct Labor,6/1/21,-1033610
Apex Electronics AU,Income Statement,EBITDA,Gross Profit,Cost of Goods Sold,Freight & Duty,6/1/21,-516800
Apex Electronics AU,Income Statement,EBITDA,Gross Profit,Cost of Goods Sold,Manufacturing Overheads,6/1/21,-775210
Apex Electronics AU,Income Statement,EBITDA,Gross Profit,Cost of Goods Sold,Packaging,6/1/21,-310080
Apex Electronics AU,Income Statement,EBITDA,Gross Profit,Cost of Goods Sold,Warranty Provision,6/1/21,-206720
Apex Electronics AU,Income Statement,EBITDA,Gross Profit,Sales,Accessories,6/1/21,686130
Apex Electronics AU,Income Statement,EBITDA,Gross Profit,Sales,Laptops,6/1/21,2495680
Apex Electronics AU,Income Statement,EBITDA,Gross Profit,Sales,Mobile Devices,6/1/21,1697340
Apex Electronics AU,Income Statement,EBITDA,Gross Profit,Sales,Smart Home Devices,6/1/21,535770
Apex Electronics AU,Income Statement,EBITDA,Gross Profit,Sales,TVs,6/1/21,2909970
Apex Electronics AU,Income Statement,EBITDA,Opex,Facilities,Rent & Utilities,6/1/21,-187930
Apex Electronics AU,Income Statement,EBITDA,Opex,G&A,Other G&A,6/1/21,-93960
Apex Electronics AU,Income Statement,EBITDA,Opex,Logistics,Distribution,6/1/21,-187930
Apex Electronics AU,Income Statement,EBITDA,Opex,People,Benefits,6/1/21,-93960
Apex Electronics AU,Income Statement,EBITDA,Opex,People,Salaries & Wages,6/1/21,-939640
Apex Electronics AU,Income Statement,EBITDA,Opex,Sales & Marketing,Marketing,6/1/21,-187930
Apex Electronics AU,Income Statement,EBITDA,Opex,Technology,IT & Cloud,6/1/21,-187930
Apex Electronics AU,Income Statement,EBITDA,Gross Profit,Cost of Goods Sold,Components,7/1/21,-2323970
Apex Electronics AU,Income Statement,EBITDA,Gross Profit,Cost of Goods Sold,Direct Labor,7/1/21,-1032870
Apex Electronics AU,Income Statement,EBITDA,Gross Profit,Cost of Goods Sold,Freight & Duty,7/1/21,-516440
Apex Electronics AU,Income Statement,EBITDA,Gross Profit,Cost of Goods Sold,Manufacturing Overheads,7/1/21,-774660
Apex Electronics AU,Income Statement,EBITDA,Gross Profit,Cost of Goods Sold,Packaging,7/1/21,-309860
Apex Electronics AU,Income Statement,EBITDA,Gross Profit,Cost of Goods Sold,Warranty Provision,7/1/21,-206570
Apex Electronics AU,Income Statement,EBITDA,Gross Profit,Sales,Accessories,7/1/21,692890
Apex Electronics AU,Income Statement,EBITDA,Gross Profit,Sales,Laptops,7/1/21,2617410
Apex Electronics AU,Income Statement,EBITDA,Gross Profit,Sales,Mobile Devices,7/1/21,1660760
Apex Electronics AU,Income Statement,EBITDA,Gross Profit,Sales,Smart Home Devices,7/1/21,456063
Apex Electronics AU,Income Statement,EBITDA,Gross Profit,Sales,TVs,7/1/21,3050520
Apex Electronics AU,Income Statement,EBITDA,Opex,Facilities,Rent & Utilities,7/1/21,-187800
Apex Electronics AU,Income Statement,EBITDA,Opex,G&A,Other G&A,7/1/21,-93900
Apex Electronics AU,Income Statement,EBITDA,Opex,Logistics,Distribution,7/1/21,-187800
Apex Electronics AU,Income Statement,EBITDA,Opex,People,Benefits,7/1/21,-93900
Apex Electronics AU,Income Statement,EBITDA,Opex,People,Salaries & Wages,7/1/21,-938980
Apex Electronics AU,Income Statement,EBITDA,Opex,Sales & Marketing,Marketing,7/1/21,-187800
Apex Electronics AU,Income Statement,EBITDA,Opex,Technology,IT & Cloud,7/1/21,-187800
Apex Electronics AU,Income Statement,EBITDA,Gross Profit,Cost of Goods Sold,Components,8/1/21,-2296460
Apex Electronics AU,Income Statement,EBITDA,Gross Profit,Cost of Goods Sold,Direct Labor,8/1/21,-1020650
Apex Electronics AU,Income Statement,EBITDA,Gross Profit,Cost of Goods Sold,Freight & Duty,8/1/21,-510320
Apex Electronics AU,Income Statement,EBITDA,Gross Profit,Cost of Goods Sold,Manufacturing Overheads,8/1/21,-765490
Apex Electronics AU,Income Statement,EBITDA,Gross Profit,Cost of Goods Sold,Packaging,8/1/21,-306190
Apex Electronics AU,Income Statement,EBITDA,Gross Profit,Cost of Goods Sold,Warranty Provision,8/1/21,-204130
Apex Electronics AU,Income Statement,EBITDA,Gross Profit,Sales,Accessories,8/1/21,657040
Apex Electronics AU,Income Statement,EBITDA,Gross Profit,Sales,Laptops,8/1/21,2600990
Apex Electronics AU,Income Statement,EBITDA,Gross Profit,Sales,Mobile Devices,8/1/21,1708310
Apex Electronics AU,Income Statement,EBITDA,Gross Profit,Sales,Smart Home Devices,8/1/21,465967
Apex Electronics AU,Income Statement,EBITDA,Gross Profit,Sales,TVs,8/1/21,2914380
Apex Electronics AU,Income Statement,EBITDA,Opex,Facilities,Rent & Utilities,8/1/21,-185570
Apex Electronics AU,Income Statement,EBITDA,Opex,G&A,Other G&A,8/1/21,-92790
Apex Electronics AU,Income Statement,EBITDA,Opex,Logistics,Distribution,8/1/21,-185570
Apex Electronics AU,Income Statement,EBITDA,Opex,People,Benefits,8/1/21,-92790
Apex Electronics AU,Income Statement,EBITDA,Opex,People,Salaries & Wages,8/1/21,-927860
Apex Electronics AU,Income Statement,EBITDA,Opex,Sales & Marketing,Marketing,8/1/21,-185570
Apex Electronics AU,Income Statement,EBITDA,Opex,Technology,IT & Cloud,8/1/21,-185570
Apex Electronics AU,Income Statement,EBITDA,Gross Profit,Cost of Goods Sold,Components,9/1/21,-2352210
Apex Electronics AU,Income Statement,EBITDA,Gross Profit,Cost of Goods Sold,Direct Labor,9/1/21,-1045430
Apex Electronics AU,Income Statement,EBITDA,Gross Profit,Cost of Goods Sold,Freight & Duty,9/1/21,-522710
Apex Electronics AU,Income Statement,EBITDA,Gross Profit,Cost of Goods Sold,Manufacturing Overheads,9/1/21,-784070
Apex Electronics AU,Income Statement,EBITDA,Gross Profit,Cost of Goods Sold,Packaging,9/1/21,-313630
Apex Electronics AU,Income Statement,EBITDA,Gross Profit,Cost of Goods Sold,Warranty Provision,9/1/21,-209090
Apex Electronics AU,Income Statement,EBITDA,Gross Profit,Sales,Accessories,9/1/21,652520
Apex Electronics AU,Income Statement,EBITDA,Gross Profit,Sales,Laptops,9/1/21,2600430
Apex Electronics AU,Income Statement,EBITDA,Gross Profit,Sales,Mobile Devices,9/1/21,1701810
Apex Electronics AU,Income Statement,EBITDA,Gross Profit,Sales,Smart Home Devices,9/1/21,499943
Apex Electronics AU,Income Statement,EBITDA,Gross Profit,Sales,TVs,9/1/21,3049290
Apex Electronics AU,Income Statement,EBITDA,Opex,Facilities,Rent & Utilities,9/1/21,-190080
Apex Electronics AU,Income Statement,EBITDA,Opex,G&A,Other G&A,9/1/21,-95040
Apex Electronics AU,Income Statement,EBITDA,Opex,Logistics,Distribution,9/1/21,-190080
Apex Electronics AU,Income Statement,EBITDA,Opex,People,Benefits,9/1/21,-95040
Apex Electronics AU,Income Statement,EBITDA,Opex,People,Salaries & Wages,9/1/21,-950390
Apex Electronics AU,Income Statement,EBITDA,Opex,Sales & Marketing,Marketing,9/1/21,-190080
Apex Electronics AU,Income Statement,EBITDA,Opex,Technology,IT & Cloud,9/1/21,-190080
Apex Electronics AU,Income Statement,EBITDA,Gross Profit,Cost of Goods Sold,Components,10/1/21,-2441620
Apex Electronics AU,Income Statement,EBITDA,Gross Profit,Cost of Goods Sold,Direct Labor,10/1/21,-1085160
Apex Electronics AU,Income Statement,EBITDA,Gross Profit,Cost of Goods Sold,Freight & Duty,10/1/21,-542580
Apex Electronics AU,Income Statement,EBITDA,Gross Profit,Cost of Goods Sold,Manufacturing Overheads,10/1/21,-813870
Apex Electronics AU,Income Statement,EBITDA,Gross Profit,Cost of Goods Sold,Packaging,10/1/21,-325550
Apex Electronics AU,Income Statement,EBITDA,Gross Profit,Cost of Goods Sold,Warranty Provision,10/1/21,-217030
Apex Electronics AU,Income Statement,EBITDA,Gross Profit,Sales,Accessories,10/1/21,666970
Apex Electronics AU,Income Statement,EBITDA,Gross Profit,Sales,Laptops,10/1/21,2676530
Apex Electronics AU,Income Statement,EBITDA,Gross Profit,Sales,Mobile Devices,10/1/21,1641120
Apex Electronics AU,Income Statement,EBITDA,Gross Profit,Sales,Smart Home Devices,10/1/21,661603
Apex Electronics AU,Income Statement,EBITDA,Gross Profit,Sales,TVs,10/1/21,2895690
Apex Electronics AU,Income Statement,EBITDA,Opex,Facilities,Rent & Utilities,10/1/21,-197300
Apex Electronics AU,Income Statement,EBITDA,Opex,G&A,Other G&A,10/1/21,-98650
Apex Electronics AU,Income Statement,EBITDA,Opex,Logistics,Distribution,10/1/21,-197300
Apex Electronics AU,Income Statement,EBITDA,Opex,People,Benefits,10/1/21,-98650
Apex Electronics AU,Income Statement,EBITDA,Opex,People,Salaries & Wages,10/1/21,-986510
Apex Electronics AU,Income Statement,EBITDA,Opex,Sales & Marketing,Marketing,10/1/21,-197300
Apex Electronics AU,Income Statement,EBITDA,Opex,Technology,IT & Cloud,10/1/21,-197300
Apex Electronics AU,Income Statement,EBITDA,Gross Profit,Cost of Goods Sold,Components,11/1/21,-2638850
Apex Electronics AU,Income Statement,EBITDA,Gross Profit,Cost of Goods Sold,Direct Labor,11/1/21,-1172820
Apex Electronics AU,Income Statement,EBITDA,Gross Profit,Cost of Goods Sold,Freight & Duty,11/1/21,-586410
Apex Electronics AU,Income Statement,EBITDA,Gross Profit,Cost of Goods Sold,Manufacturing Overheads,11/1/21,-879620
Apex Electronics AU,Income Statement,EBITDA,Gross Profit,Cost of Goods Sold,Packaging,11/1/21,-351850
Apex Electronics AU,Income Statement,EBITDA,Gross Profit,Cost of Goods Sold,Warranty Provision,11/1/21,-234560
Apex Electronics AU,Income Statement,EBITDA,Gross Profit,Sales,Accessories,11/1/21,706670
Apex Electronics AU,Income Statement,EBITDA,Gross Profit,Sales,Laptops,11/1/21,2677420
Apex Electronics AU,Income Statement,EBITDA,Gross Profit,Sales,Mobile Devices,11/1/21,1611370
Apex Electronics AU,Income Statement,EBITDA,Gross Profit,Sales,Smart Home Devices,11/1/21,847997
Apex Electronics AU,Income Statement,EBITDA,Gross Profit,Sales,TVs,11/1/21,3122570
Apex Electronics AU,Income Statement,EBITDA,Opex,Facilities,Rent & Utilities,11/1/21,-213240
Apex Electronics AU,Income Statement,EBITDA,Opex,G&A,Other G&A,11/1/21,-106620
Apex Electronics AU,Income Statement,EBITDA,Opex,Logistics,Distribution,11/1/21,-213240
Apex Electronics AU,Income Statement,EBITDA,Opex,People,Benefits,11/1/21,-106620
Apex Electronics AU,Income Statement,EBITDA,Opex,People,Salaries & Wages,11/1/21,-1066200
Apex Electronics AU,Income Statement,EBITDA,Opex,Sales & Marketing,Marketing,11/1/21,-213240
Apex Electronics AU,Income Statement,EBITDA,Opex,Technology,IT & Cloud,11/1/21,-213240
Apex Electronics AU,Income Statement,EBITDA,Gross Profit,Cost of Goods Sold,Components,12/1/21,-2746710
Apex Electronics AU,Income Statement,EBITDA,Gross Profit,Cost of Goods Sold,Direct Labor,12/1/21,-1220760
Apex Electronics AU,Income Statement,EBITDA,Gross Profit,Cost of Goods Sold,Freight & Duty,12/1/21,-610380
Apex Electronics AU,Income Statement,EBITDA,Gross Profit,Cost of Goods Sold,Manufacturing Overheads,12/1/21,-915570
Apex Electronics AU,Income Statement,EBITDA,Gross Profit,Cost of Goods Sold,Packaging,12/1/21,-366230
Apex Electronics AU,Income Statement,EBITDA,Gross Profit,Cost of Goods Sold,Warranty Provision,12/1/21,-244150
Apex Electronics AU,Income Statement,EBITDA,Gross Profit,Sales,Accessories,12/1/21,680350
Apex Electronics AU,Income Statement,EBITDA,Gross Profit,Sales,Laptops,12/1/21,2546870
Apex Electronics AU,Income Statement,EBITDA,Gross Profit,Sales,Mobile Devices,12/1/21,1617980
Apex Electronics AU,Income Statement,EBITDA,Gross Profit,Sales,Smart Home Devices,12/1/21,1088637
Apex Electronics AU,Income Statement,EBITDA,Gross Profit,Sales,TVs,12/1/21,2986730
Apex Electronics AU,Income Statement,EBITDA,Opex,Facilities,Rent & Utilities,12/1/21,-221960
Apex Electronics AU,Income Statement,EBITDA,Opex,G&A,Other G&A,12/1/21,-110980
Apex Electronics AU,Income Statement,EBITDA,Opex,Logistics,Distribution,12/1/21,-221960
Apex Electronics AU,Income Statement,EBITDA,Opex,People,Benefits,12/1/21,-110980
Apex Electronics AU,Income Statement,EBITDA,Opex,People,Salaries & Wages,12/1/21,-1109780
Apex Electronics AU,Income Statement,EBITDA,Opex,Sales & Marketing,Marketing,12/1/21,-221960
Apex Electronics AU,Income Statement,EBITDA,Opex,Technology,IT & Cloud,12/1/21,-221960
Apex Electronics AU,Income Statement,EBITDA,Gross Profit,Cost of Goods Sold,Components,1/1/22,-2373770
Apex Electronics AU,Income Statement,EBITDA,Gross Profit,Cost of Goods Sold,Direct Labor,1/1/22,-1055010
Apex Electronics AU,Income Statement,EBITDA,Gross Profit,Cost of Goods Sold,Freight & Duty,1/1/22,-527500
Apex Electronics AU,Income Statement,EBITDA,Gross Profit,Cost of Goods Sold,Manufacturing Overheads,1/1/22,-791260
Apex Electronics AU,Income Statement,EBITDA,Gross Profit,Cost of Goods Sold,Packaging,1/1/22,-316500
Apex Electronics AU,Income Statement,EBITDA,Gross Profit,Cost of Goods Sold,Warranty Provision,1/1/22,-211000
Apex Electronics AU,Income Statement,EBITDA,Gross Profit,Sales,Accessories,1/1/22,736250
Apex Electronics AU,Income Statement,EBITDA,Gross Profit,Sales,Laptops,1/1/22,2930770
Apex Electronics AU,Income Statement,EBITDA,Gross Profit,Sales,Mobile Devices,1/1/22,1739580
Apex Electronics AU,Income Statement,EBITDA,Gross Profit,Sales,Smart Home Devices,1/1/22,314873
Apex Electronics AU,Income Statement,EBITDA,Gross Profit,Sales,TVs,1/1/22,3327750
Apex Electronics AU,Income Statement,EBITDA,Opex,Facilities,Rent & Utilities,1/1/22,-188740
Apex Electronics AU,Income Statement,EBITDA,Opex,G&A,Other G&A,1/1/22,-94370
Apex Electronics AU,Income Statement,EBITDA,Opex,Logistics,Distribution,1/1/22,-188740
Apex Electronics AU,Income Statement,EBITDA,Opex,People,Benefits,1/1/22,-94370
Apex Electronics AU,Income Statement,EBITDA,Opex,People,Salaries & Wages,1/1/22,-943700
Apex Electronics AU,Income Statement,EBITDA,Opex,Sales & Marketing,Marketing,1/1/22,-188740
Apex Electronics AU,Income Statement,EBITDA,Opex,Technology,IT & Cloud,1/1/22,-188740
Apex Electronics AU,Income Statement,EBITDA,Gross Profit,Cost of Goods Sold,Components,2/1/22,-2409300
Apex Electronics AU,Income Statement,EBITDA,Gross Profit,Cost of Goods Sold,Direct Labor,2/1/22,-1070800
Apex Electronics AU,Income Statement,EBITDA,Gross Profit,Cost of Goods Sold,Freight & Duty,2/1/22,-535400
Apex Electronics AU,Income Statement,EBITDA,Gross Profit,Cost of Goods Sold,Manufacturing Overheads,2/1/22,-803100
Apex Electronics AU,Income Statement,EBITDA,Gross Profit,Cost of Goods Sold,Packaging,2/1/22,-321240
Apex Electronics AU,Income Statement,EBITDA,Gross Profit,Cost of Goods Sold,Warranty Provision,2/1/22,-214160
Apex Electronics AU,Income Statement,EBITDA,Gross Profit,Sales,Accessories,2/1/22,731130
Apex Electronics AU,Income Statement,EBITDA,Gross Profit,Sales,Laptops,2/1/22,3010250
Apex Electronics AU,Income Statement,EBITDA,Gross Profit,Sales,Mobile Devices,2/1/22,1829710
Apex Electronics AU,Income Statement,EBITDA,Gross Profit,Sales,Smart Home Devices,2/1/22,353813
Apex Electronics AU,Income Statement,EBITDA,Gross Profit,Sales,TVs,2/1/22,3191300
Apex Electronics AU,Income Statement,EBITDA,Opex,Facilities,Rent & Utilities,2/1/22,-191560
Apex Electronics AU,Income Statement,EBITDA,Opex,G&A,Other G&A,2/1/22,-95780
Apex Electronics AU,Income Statement,EBITDA,Opex,Logistics,Distribution,2/1/22,-191560
Apex Electronics AU,Income Statement,EBITDA,Opex,People,Benefits,2/1/22,-95780
Apex Electronics AU,Income Statement,EBITDA,Opex,People,Salaries & Wages,2/1/22,-957820
Apex Electronics AU,Income Statement,EBITDA,Opex,Sales & Marketing,Marketing,2/1/22,-191560
Apex Electronics AU,Income Statement,EBITDA,Opex,Technology,IT & Cloud,2/1/22,-191560
Apex Electronics AU,Income Statement,EBITDA,Gross Profit,Cost of Goods Sold,Components,3/1/22,-2436190
Apex Electronics AU,Income Statement,EBITDA,Gross Profit,Cost of Goods Sold,Direct Labor,3/1/22,-1082750
Apex Electronics AU,Income Statement,EBITDA,Gross Profit,Cost of Goods Sold,Freight & Duty,3/1/22,-541380
Apex Electronics AU,Income Statement,EBITDA,Gross Profit,Cost of Goods Sold,Manufacturing Overheads,3/1/22,-812060
Apex Electronics AU,Income Statement,EBITDA,Gross Profit,Cost of Goods Sold,Packaging,3/1/22,-324830
Apex Electronics AU,Income Statement,EBITDA,Gross Profit,Cost of Goods Sold,Warranty Provision,3/1/22,-216550
Apex Electronics AU,Income Statement,EBITDA,Gross Profit,Sales,Accessories,3/1/22,747830
Apex Electronics AU,Income Statement,EBITDA,Gross Profit,Sales,Laptops,3/1/22,2884820
Apex Electronics AU,Income Statement,EBITDA,Gross Profit,Sales,Mobile Devices,3/1/22,1894470
Apex Electronics AU,Income Statement,EBITDA,Gross Profit,Sales,Smart Home Devices,3/1/22,370267
Apex Electronics AU,Income Statement,EBITDA,Gross Profit,Sales,TVs,3/1/22,3295600
Apex Electronics AU,Income Statement,EBITDA,Opex,Facilities,Rent & Utilities,3/1/22,-193700
Apex Electronics AU,Income Statement,EBITDA,Opex,G&A,Other G&A,3/1/22,-96850
Apex Electronics AU,Income Statement,EBITDA,Opex,Logistics,Distribution,3/1/22,-193700
Apex Electronics AU,Income Statement,EBITDA,Opex,People,Benefits,3/1/22,-96850
Apex Electronics AU,Income Statement,EBITDA,Opex,People,Salaries & Wages,3/1/22,-968520
Apex Electronics AU,Income Statement,EBITDA,Opex,Sales & Marketing,Marketing,3/1/22,-193700
Apex Electronics AU,Income Statement,EBITDA,Opex,Technology,IT & Cloud,3/1/22,-193700
Apex Electronics AU,Income Statement,EBITDA,Gross Profit,Cost of Goods Sold,Components,4/1/22,-2475760
Apex Electronics AU,Income Statement,EBITDA,Gross Profit,Cost of Goods Sold,Direct Labor,4/1/22,-1100340
Apex Electronics AU,Income Statement,EBITDA,Gross Profit,Cost of Goods Sold,Freight & Duty,4/1/22,-550170
Apex Electronics AU,Income Statement,EBITDA,Gross Profit,Cost of Goods Sold,Manufacturing Overheads,4/1/22,-825250
Apex Electronics AU,Income Statement,EBITDA,Gross Profit,Cost of Goods Sold,Packaging,4/1/22,-330100
Apex Electronics AU,Income Statement,EBITDA,Gross Profit,Cost of Goods Sold,Warranty Provision,4/1/22,-220070
Apex Electronics AU,Income Statement,EBITDA,Gross Profit,Sales,Accessories,4/1/22,746510
Apex Electronics AU,Income Statement,EBITDA,Gross Profit,Sales,Laptops,4/1/22,3001890
Apex Electronics AU,Income Statement,EBITDA,Gross Profit,Sales,Mobile Devices,4/1/22,1749710
Apex Electronics AU,Income Statement,EBITDA,Gross Profit,Sales,Smart Home Devices,4/1/22,396353
Apex Electronics AU,Income Statement,EBITDA,Gross Profit,Sales,TVs,4/1/22,3407680
Apex Electronics AU,Income Statement,EBITDA,Opex,Facilities,Rent & Utilities,4/1/22,-196850
Apex Electronics AU,Income Statement,EBITDA,Opex,G&A,Other G&A,4/1/22,-98420
Apex Electronics AU,Income Statement,EBITDA,Opex,Logistics,Distribution,4/1/22,-196850
Apex Electronics AU,Income Statement,EBITDA,Opex,People,Benefits,4/1/22,-98420
Apex Electronics AU,Income Statement,EBITDA,Opex,People,Salaries & Wages,4/1/22,-984250
Apex Electronics AU,Income Statement,EBITDA,Opex,Sales & Marketing,Marketing,4/1/22,-196850
Apex Electronics AU,Income Statement,EBITDA,Opex,Technology,IT & Cloud,4/1/22,-196850
Apex Electronics AU,Income Statement,EBITDA,Gross Profit,Cost of Goods Sold,Components,5/1/22,-2457670
Apex Electronics AU,Income Statement,EBITDA,Gross Profit,Cost of Goods Sold,Direct Labor,5/1/22,-1092300
Apex Electronics AU,Income Statement,EBITDA,Gross Profit,Cost of Goods Sold,Freight & Duty,5/1/22,-546150
Apex Electronics AU,Income Statement,EBITDA,Gross Profit,Cost of Goods Sold,Manufacturing Overheads,5/1/22,-819220
Apex Electronics AU,Income Statement,EBITDA,Gross Profit,Cost of Goods Sold,Packaging,5/1/22,-327690
Apex Electronics AU,Income Statement,EBITDA,Gross Profit,Cost of Goods Sold,Warranty Provision,5/1/22,-218460
Apex Electronics AU,Income Statement,EBITDA,Gross Profit,Sales,Accessories,5/1/22,708150
Apex Electronics AU,Income Statement,EBITDA,Gross Profit,Sales,Laptops,5/1/22,3007620
Apex Electronics AU,Income Statement,EBITDA,Gross Profit,Sales,Mobile Devices,5/1/22,1766030
Apex Electronics AU,Income Statement,EBITDA,Gross Profit,Sales,Smart Home Devices,5/1/22,456240
Apex Electronics AU,Income Statement,EBITDA,Gross Profit,Sales,TVs,5/1/22,3170550
Apex Electronics AU,Income Statement,EBITDA,Opex,Facilities,Rent & Utilities,5/1/22,-195410
Apex Electronics AU,Income Statement,EBITDA,Opex,G&A,Other G&A,5/1/22,-97710
Apex Electronics AU,Income Statement,EBITDA,Opex,Logistics,Distribution,5/1/22,-195410
Apex Electronics AU,Income Statement,EBITDA,Opex,People,Benefits,5/1/22,-97710
Apex Electronics AU,Income Statement,EBITDA,Opex,People,Salaries & Wages,5/1/22,-977060
Apex Electronics AU,Income Statement,EBITDA,Opex,Sales & Marketing,Marketing,5/1/22,-195410
Apex Electronics AU,Income Statement,EBITDA,Opex,Technology,IT & Cloud,5/1/22,-195410
Apex Electronics AU,Income Statement,EBITDA,Gross Profit,Cost of Goods Sold,Components,6/1/22,-2536580
Apex Electronics AU,Income Statement,EBITDA,Gross Profit,Cost of Goods Sold,Direct Labor,6/1/22,-1127370
Apex Electronics AU,Income Statement,EBITDA,Gross Profit,Cost of Goods Sold,Freight & Duty,6/1/22,-563680
Apex Electronics AU,Income Statement,EBITDA,Gross Profit,Cost of Goods Sold,Manufacturing Overheads,6/1/22,-845530
Apex Electronics AU,Income Statement,EBITDA,Gross Profit,Cost of Goods Sold,Packaging,6/1/22,-338210
Apex Electronics AU,Income Statement,EBITDA,Gross Profit,Cost of Goods Sold,Warranty Provision,6/1/22,-225470
Apex Electronics AU,Income Statement,EBITDA,Gross Profit,Sales,Accessories,6/1/22,774880
Apex Electronics AU,Income Statement,EBITDA,Gross Profit,Sales,Laptops,6/1/22,2891850
Apex Electronics AU,Income Statement,EBITDA,Gross Profit,Sales,Mobile Devices,6/1/22,1770710
Apex Electronics AU,Income Statement,EBITDA,Gross Profit,Sales,Smart Home Devices,6/1/22,558130
Apex Electronics AU,Income Statement,EBITDA,Gross Profit,Sales,TVs,6/1/22,3231000
Apex Electronics AU,Income Statement,EBITDA,Opex,Facilities,Rent & Utilities,6/1/22,-201690
Apex Electronics AU,Income Statement,EBITDA,Opex,G&A,Other G&A,6/1/22,-100840
Apex Electronics AU,Income Statement,EBITDA,Opex,Logistics,Distribution,6/1/22,-201690
Apex Electronics AU,Income Statement,EBITDA,Opex,People,Benefits,6/1/22,-100840
Apex Electronics AU,Income Statement,EBITDA,Opex,People,Salaries & Wages,6/1/22,-1008430
Apex Electronics AU,Income Statement,EBITDA,Opex,Sales & Marketing,Marketing,6/1/22,-201690
Apex Electronics AU,Income Statement,EBITDA,Opex,Technology,IT & Cloud,6/1/22,-201690
Apex Electronics AU,Income Statement,EBITDA,Gross Profit,Cost of Goods Sold,Components,7/1/22,-2575790
Apex Electronics AU,Income Statement,EBITDA,Gross Profit,Cost of Goods Sold,Direct Labor,7/1/22,-1144800
Apex Electronics AU,Income Statement,EBITDA,Gross Profit,Cost of Goods Sold,Freight & Duty,7/1/22,-572400
Apex Electronics AU,Income Statement,EBITDA,Gross Profit,Cost of Goods Sold,Manufacturing Overheads,7/1/22,-858600
Apex Electronics AU,Income Statement,EBITDA,Gross Profit,Cost of Goods Sold,Packaging,7/1/22,-343440
Apex Electronics AU,Income Statement,EBITDA,Gross Profit,Cost of Goods Sold,Warranty Provision,7/1/22,-228960
Apex Electronics AU,Income Statement,EBITDA,Gross Profit,Sales,Accessories,7/1/22,728830
Apex Electronics AU,Income Statement,EBITDA,Gross Profit,Sales,Laptops,7/1/22,3001110
Apex Electronics AU,Income Statement,EBITDA,Gross Profit,Sales,Mobile Devices,7/1/22,1818420
Apex Electronics AU,Income Statement,EBITDA,Gross Profit,Sales,Smart Home Devices,7/1/22,508463
Apex Electronics AU,Income Statement,EBITDA,Gross Profit,Sales,TVs,7/1/22,3428960
Apex Electronics AU,Income Statement,EBITDA,Opex,Facilities,Rent & Utilities,7/1/22,-204800
Apex Electronics AU,Income Statement,EBITDA,Opex,G&A,Other G&A,7/1/22,-102400
Apex Electronics AU,Income Statement,EBITDA,Opex,Logistics,Distribution,7/1/22,-204800
Apex Electronics AU,Income Statement,EBITDA,Opex,People,Benefits,7/1/22,-102400
Apex Electronics AU,Income Statement,EBITDA,Opex,People,Salaries & Wages,7/1/22,-1024020
Apex Electronics AU,Income Statement,EBITDA,Opex,Sales & Marketing,Marketing,7/1/22,-204800
Apex Electronics AU,Income Statement,EBITDA,Opex,Technology,IT & Cloud,7/1/22,-204800
Apex Electronics AU,Income Statement,EBITDA,Gross Profit,Cost of Goods Sold,Components,8/1/22,-2531830
Apex Electronics AU,Income Statement,EBITDA,Gross Profit,Cost of Goods Sold,Direct Labor,8/1/22,-1125260
Apex Electronics AU,Income Statement,EBITDA,Gross Profit,Cost of Goods Sold,Freight & Duty,8/1/22,-562630
Apex Electronics AU,Income Statement,EBITDA,Gross Profit,Cost of Goods Sold,Manufacturing Overheads,8/1/22,-843940
Apex Electronics AU,Income Statement,EBITDA,Gross Profit,Cost of Goods Sold,Packaging,8/1/22,-337580
Apex Electronics AU,Income Statement,EBITDA,Gross Profit,Cost of Goods Sold,Warranty Provision,8/1/22,-225050
Apex Electronics AU,Income Statement,EBITDA,Gross Profit,Sales,Accessories,8/1/22,767090
Apex Electronics AU,Income Statement,EBITDA,Gross Profit,Sales,Laptops,8/1/22,2812710
Apex Electronics AU,Income Statement,EBITDA,Gross Profit,Sales,Mobile Devices,8/1/22,1746530
Apex Electronics AU,Income Statement,EBITDA,Gross Profit,Sales,Smart Home Devices,8/1/22,517657
Apex Electronics AU,Income Statement,EBITDA,Gross Profit,Sales,TVs,8/1/22,3444150
Apex Electronics AU,Income Statement,EBITDA,Opex,Facilities,Rent & Utilities,8/1/22,-201310
Apex Electronics AU,Income Statement,EBITDA,Opex,G&A,Other G&A,8/1/22,-100650
Apex Electronics AU,Income Statement,EBITDA,Opex,Logistics,Distribution,8/1/22,-201310
Apex Electronics AU,Income Statement,EBITDA,Opex,People,Benefits,8/1/22,-100650
Apex Electronics AU,Income Statement,EBITDA,Opex,People,Salaries & Wages,8/1/22,-1006540
Apex Electronics AU,Income Statement,EBITDA,Opex,Sales & Marketing,Marketing,8/1/22,-201310
Apex Electronics AU,Income Statement,EBITDA,Opex,Technology,IT & Cloud,8/1/22,-201310
Apex Electronics AU,Income Statement,EBITDA,Gross Profit,Cost of Goods Sold,Components,9/1/22,-2598370
Apex Electronics AU,Income Statement,EBITDA,Gross Profit,Cost of Goods Sold,Direct Labor,9/1/22,-1154830
Apex Electronics AU,Income Statement,EBITDA,Gross Profit,Cost of Goods Sold,Freight & Duty,9/1/22,-577410
Apex Electronics AU,Income Statement,EBITDA,Gross Profit,Cost of Goods Sold,Manufacturing Overheads,9/1/22,-866120
Apex Electronics AU,Income Statement,EBITDA,Gross Profit,Cost of Goods Sold,Packaging,9/1/22,-346450
Apex Electronics AU,Income Statement,EBITDA,Gross Profit,Cost of Goods Sold,Warranty Provision,9/1/22,-230970
Apex Electronics AU,Income Statement,EBITDA,Gross Profit,Sales,Accessories,9/1/22,716060
Apex Electronics AU,Income Statement,EBITDA,Gross Profit,Sales,Laptops,9/1/22,3023740
Apex Electronics AU,Income Statement,EBITDA,Gross Profit,Sales,Mobile Devices,9/1/22,1815130
Apex Electronics AU,Income Statement,EBITDA,Gross Profit,Sales,Smart Home Devices,9/1/22,549430
Apex Electronics AU,Income Statement,EBITDA,Gross Profit,Sales,TVs,9/1/22,3391540
Apex Electronics AU,Income Statement,EBITDA,Opex,Facilities,Rent & Utilities,9/1/22,-206600
Apex Electronics AU,Income Statement,EBITDA,Opex,G&A,Other G&A,9/1/22,-103300
Apex Electronics AU,Income Statement,EBITDA,Opex,Logistics,Distribution,9/1/22,-206600
Apex Electronics AU,Income Statement,EBITDA,Opex,People,Benefits,9/1/22,-103300
Apex Electronics AU,Income Statement,EBITDA,Opex,People,Salaries & Wages,9/1/22,-1032990
Apex Electronics AU,Income Statement,EBITDA,Opex,Sales & Marketing,Marketing,9/1/22,-206600
Apex Electronics AU,Income Statement,EBITDA,Opex,Technology,IT & Cloud,9/1/22,-206600
Apex Electronics AU,Income Statement,EBITDA,Gross Profit,Cost of Goods Sold,Components,10/1/22,-2716420
Apex Electronics AU,Income Statement,EBITDA,Gross Profit,Cost of Goods Sold,Direct Labor,10/1/22,-1207300
Apex Electronics AU,Income Statement,EBITDA,Gross Profit,Cost of Goods Sold,Freight & Duty,10/1/22,-603650
Apex Electronics AU,Income Statement,EBITDA,Gross Profit,Cost of Goods Sold,Manufacturing Overheads,10/1/22,-905470
Apex Electronics AU,Income Statement,EBITDA,Gross Profit,Cost of Goods Sold,Packaging,10/1/22,-362190
Apex Electronics AU,Income Statement,EBITDA,Gross Profit,Cost of Goods Sold,Warranty Provision,10/1/22,-241460
Apex Electronics AU,Income Statement,EBITDA,Gross Profit,Sales,Accessories,10/1/22,765080
Apex Electronics AU,Income Statement,EBITDA,Gross Profit,Sales,Laptops,10/1/22,2910920
Apex Electronics AU,Income Statement,EBITDA,Gross Profit,Sales,Mobile Devices,10/1/22,1760510
Apex Electronics AU,Income Statement,EBITDA,Gross Profit,Sales,Smart Home Devices,10/1/22,758493
Apex Electronics AU,Income Statement,EBITDA,Gross Profit,Sales,TVs,10/1/22,3364110
Apex Electronics AU,Income Statement,EBITDA,Opex,Facilities,Rent & Utilities,10/1/22,-215980
Apex Electronics AU,Income Statement,EBITDA,Opex,G&A,Other G&A,10/1/22,-107990
Apex Electronics AU,Income Statement,EBITDA,Opex,Logistics,Distribution,10/1/22,-215980
Apex Electronics AU,Income Statement,EBITDA,Opex,People,Benefits,10/1/22,-107990
Apex Electronics AU,Income Statement,EBITDA,Opex,People,Salaries & Wages,10/1/22,-1079920
Apex Electronics AU,Income Statement,EBITDA,Opex,Sales & Marketing,Marketing,10/1/22,-215980
Apex Electronics AU,Income Statement,EBITDA,Opex,Technology,IT & Cloud,10/1/22,-215980
Apex Electronics AU,Income Statement,EBITDA,Gross Profit,Cost of Goods Sold,Components,11/1/22,-2796770
Apex Electronics AU,Income Statement,EBITDA,Gross Profit,Cost of Goods Sold,Direct Labor,11/1/22,-1243010
Apex Electronics AU,Income Statement,EBITDA,Gross Profit,Cost of Goods Sold,Freight & Duty,11/1/22,-621510
Apex Electronics AU,Income Statement,EBITDA,Gross Profit,Cost of Goods Sold,Manufacturing Overheads,11/1/22,-932260
Apex Electronics AU,Income Statement,EBITDA,Gross Profit,Cost of Goods Sold,Packaging,11/1/22,-372900
Apex Electronics AU,Income Statement,EBITDA,Gross Profit,Cost of Goods Sold,Warranty Provision,11/1/22,-248600
Apex Electronics AU,Income Statement,EBITDA,Gross Profit,Sales,Accessories,11/1/22,776330
Apex Electronics AU,Income Statement,EBITDA,Gross Profit,Sales,Laptops,11/1/22,2884200
Apex Electronics AU,Income Statement,EBITDA,Gross Profit,Sales,Mobile Devices,11/1/22,1844560
Apex Electronics AU,Income Statement,EBITDA,Gross Profit,Sales,Smart Home Devices,11/1/22,888120
Apex Electronics AU,Income Statement,EBITDA,Gross Profit,Sales,TVs,11/1/22,3234310
Apex Electronics AU,Income Statement,EBITDA,Opex,Facilities,Rent & Utilities,11/1/22,-222370
Apex Electronics AU,Income Statement,EBITDA,Opex,G&A,Other G&A,11/1/22,-111190
Apex Electronics AU,Income Statement,EBITDA,Opex,Logistics,Distribution,11/1/22,-222370
Apex Electronics AU,Income Statement,EBITDA,Opex,People,Benefits,11/1/22,-111190
Apex Electronics AU,Income Statement,EBITDA,Opex,People,Salaries & Wages,11/1/22,-1111870
Apex Electronics AU,Income Statement,EBITDA,Opex,Sales & Marketing,Marketing,11/1/22,-222370
Apex Electronics AU,Income Statement,EBITDA,Opex,Technology,IT & Cloud,11/1/22,-222370
Apex Electronics AU,Income Statement,EBITDA,Gross Profit,Cost of Goods Sold,Components,12/1/22,-3082290
Apex Electronics AU,Income Statement,EBITDA,Gross Profit,Cost of Goods Sold,Direct Labor,12/1/22,-1369910
Apex Electronics AU,Income Statement,EBITDA,Gross Profit,Cost of Goods Sold,Freight & Duty,12/1/22,-684950
Apex Electronics AU,Income Statement,EBITDA,Gross Profit,Cost of Goods Sold,Manufacturing Overheads,12/1/22,-1027430
Apex Electronics AU,Income Statement,EBITDA,Gross Profit,Cost of Goods Sold,Packaging,12/1/22,-410970
Apex Electronics AU,Income Statement,EBITDA,Gross Profit,Cost of Goods Sold,Warranty Provision,12/1/22,-273980
Apex Electronics AU,Income Statement,EBITDA,Gross Profit,Sales,Accessories,12/1/22,749630
Apex Electronics AU,Income Statement,EBITDA,Gross Profit,Sales,Laptops,12/1/22,2864140
Apex Electronics AU,Income Statement,EBITDA,Gross Profit,Sales,Mobile Devices,12/1/22,1899620
Apex Electronics AU,Income Statement,EBITDA,Gross Profit,Sales,Smart Home Devices,12/1/22,1291087
Apex Electronics AU,Income Statement,EBITDA,Gross Profit,Sales,TVs,12/1/22,3181310
Apex Electronics AU,Income Statement,EBITDA,Opex,Facilities,Rent & Utilities,12/1/22,-245080
Apex Electronics AU,Income Statement,EBITDA,Opex,G&A,Other G&A,12/1/22,-122540
Apex Electronics AU,Income Statement,EBITDA,Opex,Logistics,Distribution,12/1/22,-245080
Apex Electronics AU,Income Statement,EBITDA,Opex,People,Benefits,12/1/22,-122540
Apex Electronics AU,Income Statement,EBITDA,Opex,People,Salaries & Wages,12/1/22,-1225380
Apex Electronics AU,Income Statement,EBITDA,Opex,Sales & Marketing,Marketing,12/1/22,-245080
Apex Electronics AU,Income Statement,EBITDA,Opex,Technology,IT & Cloud,12/1/22,-245080
Apex Electronics AU,Income Statement,EBITDA,Gross Profit,Cost of Goods Sold,Components,1/1/23,-2622720
Apex Electronics AU,Income Statement,EBITDA,Gross Profit,Cost of Goods Sold,Direct Labor,1/1/23,-1165650
Apex Electronics AU,Income Statement,EBITDA,Gross Profit,Cost of Goods Sold,Freight & Duty,1/1/23,-582830
Apex Electronics AU,Income Statement,EBITDA,Gross Profit,Cost of Goods Sold,Manufacturing Overheads,1/1/23,-874240
Apex Electronics AU,Income Statement,EBITDA,Gross Profit,Cost of Goods Sold,Packaging,1/1/23,-349700
Apex Electronics AU,Income Statement,EBITDA,Gross Profit,Cost of Goods Sold,Warranty Provision,1/1/23,-233130
Apex Electronics AU,Income Statement,EBITDA,Gross Profit,Sales,Accessories,1/1/23,812490
Apex Electronics AU,Income Statement,EBITDA,Gross Profit,Sales,Laptops,1/1/23,3243500
Apex Electronics AU,Income Statement,EBITDA,Gross Profit,Sales,Mobile Devices,1/1/23,1927060
Apex Electronics AU,Income Statement,EBITDA,Gross Profit,Sales,Smart Home Devices,1/1/23,363817
Apex Electronics AU,Income Statement,EBITDA,Gross Profit,Sales,TVs,1/1/23,3718590
Apex Electronics AU,Income Statement,EBITDA,Opex,Facilities,Rent & Utilities,1/1/23,-205070
Apex Electronics AU,Income Statement,EBITDA,Opex,G&A,Other G&A,1/1/23,-102530
Apex Electronics AU,Income Statement,EBITDA,Opex,Logistics,Distribution,1/1/23,-205070
Apex Electronics AU,Income Statement,EBITDA,Opex,People,Benefits,1/1/23,-102530
Apex Electronics AU,Income Statement,EBITDA,Opex,People,Salaries & Wages,1/1/23,-1025340
Apex Electronics AU,Income Statement,EBITDA,Opex,Sales & Marketing,Marketing,1/1/23,-205070
Apex Electronics AU,Income Statement,EBITDA,Opex,Technology,IT & Cloud,1/1/23,-205070
Apex Electronics AU,Income Statement,EBITDA,Gross Profit,Cost of Goods Sold,Components,2/1/23,-2623960
Apex Electronics AU,Income Statement,EBITDA,Gross Profit,Cost of Goods Sold,Direct Labor,2/1/23,-1166200
Apex Electronics AU,Income Statement,EBITDA,Gross Profit,Cost of Goods Sold,Freight & Duty,2/1/23,-583100
Apex Electronics AU,Income Statement,EBITDA,Gross Profit,Cost of Goods Sold,Manufacturing Overheads,2/1/23,-874650
Apex Electronics AU,Income Statement,EBITDA,Gross Profit,Cost of Goods Sold,Packaging,2/1/23,-349860
Apex Electronics AU,Income Statement,EBITDA,Gross Profit,Cost of Goods Sold,Warranty Provision,2/1/23,-233240
Apex Electronics AU,Income Statement,EBITDA,Gross Profit,Sales,Accessories,2/1/23,789580
Apex Electronics AU,Income Statement,EBITDA,Gross Profit,Sales,Laptops,2/1/23,3265760
Apex Electronics AU,Income Statement,EBITDA,Gross Profit,Sales,Mobile Devices,2/1/23,1970870
Apex Electronics AU,Income Statement,EBITDA,Gross Profit,Sales,Smart Home Devices,2/1/23,372427
Apex Electronics AU,Income Statement,EBITDA,Gross Profit,Sales,TVs,2/1/23,3654700
Apex Electronics AU,Income Statement,EBITDA,Opex,Facilities,Rent & Utilities,2/1/23,-205170
Apex Electronics AU,Income Statement,EBITDA,Opex,G&A,Other G&A,2/1/23,-102580
Apex Electronics AU,Income Statement,EBITDA,Opex,Logistics,Distribution,2/1/23,-205170
Apex Electronics AU,Income Statement,EBITDA,Opex,People,Benefits,2/1/23,-102580
Apex Electronics AU,Income Statement,EBITDA,Opex,People,Salaries & Wages,2/1/23,-1025830
Apex Electronics AU,Income Statement,EBITDA,Opex,Sales & Marketing,Marketing,2/1/23,-205170
Apex Electronics AU,Income Statement,EBITDA,Opex,Technology,IT & Cloud,2/1/23,-205170
Apex Electronics AU,Income Statement,EBITDA,Gross Profit,Cost of Goods Sold,Components,3/1/23,-2603660
Apex Electronics AU,Income Statement,EBITDA,Gross Profit,Cost of Goods Sold,Direct Labor,3/1/23,-1157180
Apex Electronics AU,Income Statement,EBITDA,Gross Profit,Cost of Goods Sold,Freight & Duty,3/1/23,-578590
Apex Electronics AU,Income Statement,EBITDA,Gross Profit,Cost of Goods Sold,Manufacturing Overheads,3/1/23,-867890
Apex Electronics AU,Income Statement,EBITDA,Gross Profit,Cost of Goods Sold,Packaging,3/1/23,-347150
Apex Electronics AU,Income Statement,EBITDA,Gross Profit,Cost of Goods Sold,Warranty Provision,3/1/23,-231440
Apex Electronics AU,Income Statement,EBITDA,Gross Profit,Sales,Accessories,3/1/23,781150
Apex Electronics AU,Income Statement,EBITDA,Gross Profit,Sales,Laptops,3/1/23,3252270
Apex Electronics AU,Income Statement,EBITDA,Gross Profit,Sales,Mobile Devices,3/1/23,1942450
Apex Electronics AU,Income Statement,EBITDA,Gross Profit,Sales,Smart Home Devices,3/1/23,422050
Apex Electronics AU,Income Statement,EBITDA,Gross Profit,Sales,TVs,3/1/23,3472620
Apex Electronics AU,Income Statement,EBITDA,Opex,Facilities,Rent & Utilities,3/1/23,-203580
Apex Electronics AU,Income Statement,EBITDA,Opex,G&A,Other G&A,3/1/23,-101790
Apex Electronics AU,Income Statement,EBITDA,Opex,Logistics,Distribution,3/1/23,-203580
Apex Electronics AU,Income Statement,EBITDA,Opex,People,Benefits,3/1/23,-101790
Apex Electronics AU,Income Statement,EBITDA,Opex,People,Salaries & Wages,3/1/23,-1017890
Apex Electronics AU,Income Statement,EBITDA,Opex,Sales & Marketing,Marketing,3/1/23,-203580
Apex Electronics AU,Income Statement,EBITDA,Opex,Technology,IT & Cloud,3/1/23,-203580
Apex Electronics AU,Income Statement,EBITDA,Gross Profit,Cost of Goods Sold,Components,4/1/23,-2568700
Apex Electronics AU,Income Statement,EBITDA,Gross Profit,Cost of Goods Sold,Direct Labor,4/1/23,-1141650
Apex Electronics AU,Income Statement,EBITDA,Gross Profit,Cost of Goods Sold,Freight & Duty,4/1/23,-570820
Apex Electronics AU,Income Statement,EBITDA,Gross Profit,Cost of Goods Sold,Manufacturing Overheads,4/1/23,-856230
Apex Electronics AU,Income Statement,EBITDA,Gross Profit,Cost of Goods Sold,Packaging,4/1/23,-342490
Apex Electronics AU,Income Statement,EBITDA,Gross Profit,Cost of Goods Sold,Warranty Provision,4/1/23,-228330
Apex Electronics AU,Income Statement,EBITDA,Gross Profit,Sales,Accessories,4/1/23,817380
Apex Electronics AU,Income Statement,EBITDA,Gross Profit,Sales,Laptops,4/1/23,3047510
Apex Electronics AU,Income Statement,EBITDA,Gross Profit,Sales,Mobile Devices,4/1/23,1891570
Apex Electronics AU,Income Statement,EBITDA,Gross Profit,Sales,Smart Home Devices,4/1/23,458133
Apex Electronics AU,Income Statement,EBITDA,Gross Profit,Sales,TVs,4/1/23,3439940
Apex Electronics AU,Income Statement,EBITDA,Opex,Facilities,Rent & Utilities,4/1/23,-200850
Apex Electronics AU,Income Statement,EBITDA,Opex,G&A,Other G&A,4/1/23,-100420
Apex Electronics AU,Income Statement,EBITDA,Opex,Logistics,Distribution,4/1/23,-200850
Apex Electronics AU,Income Statement,EBITDA,Opex,People,Benefits,4/1/23,-100420
Apex Electronics AU,Income Statement,EBITDA,Opex,People,Salaries & Wages,4/1/23,-1004230
Apex Electronics AU,Income Statement,EBITDA,Opex,Sales & Marketing,Marketing,4/1/23,-200850
Apex Electronics AU,Income Statement,EBITDA,Opex,Technology,IT & Cloud,4/1/23,-200850
Apex Electronics AU,Income Statement,EBITDA,Gross Profit,Cost of Goods Sold,Components,5/1/23,-2599730
Apex Electronics AU,Income Statement,EBITDA,Gross Profit,Cost of Goods Sold,Direct Labor,5/1/23,-1155440
Apex Electronics AU,Income Statement,EBITDA,Gross Profit,Cost of Goods Sold,Freight & Duty,5/1/23,-577720
Apex Electronics AU,Income Statement,EBITDA,Gross Profit,Cost of Goods Sold,Manufacturing Overheads,5/1/23,-866580
Apex Electronics AU,Income Statement,EBITDA,Gross Profit,Cost of Goods Sold,Packaging,5/1/23,-346630
Apex Electronics AU,Income Statement,EBITDA,Gross Profit,Cost of Goods Sold,Warranty Provision,5/1/23,-231090
Apex Electronics AU,Income Statement,EBITDA,Gross Profit,Sales,Accessories,5/1/23,789700
Apex Electronics AU,Income Statement,EBITDA,Gross Profit,Sales,Laptops,5/1/23,3049670
Apex Electronics AU,Income Statement,EBITDA,Gross Profit,Sales,Mobile Devices,5/1/23,1927880
Apex Electronics AU,Income Statement,EBITDA,Gross Profit,Sales,Smart Home Devices,5/1/23,498527
Apex Electronics AU,Income Statement,EBITDA,Gross Profit,Sales,TVs,5/1/23,3435650
Apex Electronics AU,Income Statement,EBITDA,Opex,Facilities,Rent & Utilities,5/1/23,-203270
Apex Electronics AU,Income Statement,EBITDA,Opex,G&A,Other G&A,5/1/23,-101640
Apex Electronics AU,Income Statement,EBITDA,Opex,Logistics,Distribution,5/1/23,-203270
Apex Electronics AU,Income Statement,EBITDA,Opex,People,Benefits,5/1/23,-101640
Apex Electronics AU,Income Statement,EBITDA,Opex,People,Salaries & Wages,5/1/23,-1016360
Apex Electronics AU,Income Statement,EBITDA,Opex,Sales & Marketing,Marketing,5/1/23,-203270
Apex Electronics AU,Income Statement,EBITDA,Opex,Technology,IT & Cloud,5/1/23,-203270
Apex Electronics AU,Income Statement,EBITDA,Gross Profit,Cost of Goods Sold,Components,6/1/23,-2800700
Apex Electronics AU,Income Statement,EBITDA,Gross Profit,Cost of Goods Sold,Direct Labor,6/1/23,-1244750
Apex Electronics AU,Income Statement,EBITDA,Gross Profit,Cost of Goods Sold,Freight & Duty,6/1/23,-622380
Apex Electronics AU,Income Statement,EBITDA,Gross Profit,Cost of Goods Sold,Manufacturing Overheads,6/1/23,-933570
Apex Electronics AU,Income Statement,EBITDA,Gross Profit,Cost of Goods Sold,Packaging,6/1/23,-373430
Apex Electronics AU,Income Statement,EBITDA,Gross Profit,Cost of Goods Sold,Warranty Provision,6/1/23,-248950
Apex Electronics AU,Income Statement,EBITDA,Gross Profit,Sales,Accessories,6/1/23,777530
Apex Electronics AU,Income Statement,EBITDA,Gross Profit,Sales,Laptops,6/1/23,3008870
Apex Electronics AU,Income Statement,EBITDA,Gross Profit,Sales,Mobile Devices,6/1/23,2064120
Apex Electronics AU,Income Statement,EBITDA,Gross Profit,Sales,Smart Home Devices,6/1/23,651647
Apex Electronics AU,Income Statement,EBITDA,Gross Profit,Sales,TVs,6/1/23,3720050
Apex Electronics AU,Income Statement,EBITDA,Opex,Facilities,Rent & Utilities,6/1/23,-218980
Apex Electronics AU,Income Statement,EBITDA,Opex,G&A,Other G&A,6/1/23,-109490
Apex Electronics AU,Income Statement,EBITDA,Opex,Logistics,Distribution,6/1/23,-218980
Apex Electronics AU,Income Statement,EBITDA,Opex,People,Benefits,6/1/23,-109490
Apex Electronics AU,Income Statement,EBITDA,Opex,People,Salaries & Wages,6/1/23,-1094920
Apex Electronics AU,Income Statement,EBITDA,Opex,Sales & Marketing,Marketing,6/1/23,-218980
Apex Electronics AU,Income Statement,EBITDA,Opex,Technology,IT & Cloud,6/1/23,-218980
Apex Electronics AU,Income Statement,EBITDA,Gross Profit,Cost of Goods Sold,Components,7/1/23,-2724400
Apex Electronics AU,Income Statement,EBITDA,Gross Profit,Cost of Goods Sold,Direct Labor,7/1/23,-1210850
Apex Electronics AU,Income Statement,EBITDA,Gross Profit,Cost of Goods Sold,Freight & Duty,7/1/23,-605420
Apex Electronics AU,Income Statement,EBITDA,Gross Profit,Cost of Goods Sold,Manufacturing Overheads,7/1/23,-908130
Apex Electronics AU,Income Statement,EBITDA,Gross Profit,Cost of Goods Sold,Packaging,7/1/23,-363250
Apex Electronics AU,Income Statement,EBITDA,Gross Profit,Cost of Goods Sold,Warranty Provision,7/1/23,-242170
Apex Electronics AU,Income Statement,EBITDA,Gross Profit,Sales,Accessories,7/1/23,811150
Apex Electronics AU,Income Statement,EBITDA,Gross Profit,Sales,Laptops,7/1/23,3034880
Apex Electronics AU,Income Statement,EBITDA,Gross Profit,Sales,Mobile Devices,7/1/23,1987140
Apex Electronics AU,Income Statement,EBITDA,Gross Profit,Sales,Smart Home Devices,7/1/23,559310
Apex Electronics AU,Income Statement,EBITDA,Gross Profit,Sales,TVs,7/1/23,3700440
Apex Electronics AU,Income Statement,EBITDA,Opex,Facilities,Rent & Utilities,7/1/23,-213020
Apex Electronics AU,Income Statement,EBITDA,Opex,G&A,Other G&A,7/1/23,-106510
Apex Electronics AU,Income Statement,EBITDA,Opex,Logistics,Distribution,7/1/23,-213020
Apex Electronics AU,Income Statement,EBITDA,Opex,People,Benefits,7/1/23,-106510
Apex Electronics AU,Income Statement,EBITDA,Opex,People,Salaries & Wages,7/1/23,-1065100
Apex Electronics AU,Income Statement,EBITDA,Opex,Sales & Marketing,Marketing,7/1/23,-213020
Apex Electronics AU,Income Statement,EBITDA,Opex,Technology,IT & Cloud,7/1/23,-213020
Apex Electronics AU,Income Statement,EBITDA,Gross Profit,Cost of Goods Sold,Components,8/1/23,-2715210
Apex Electronics AU,Income Statement,EBITDA,Gross Profit,Cost of Goods Sold,Direct Labor,8/1/23,-1206760
Apex Electronics AU,Income Statement,EBITDA,Gross Profit,Cost of Goods Sold,Freight & Duty,8/1/23,-603380
Apex Electronics AU,Income Statement,EBITDA,Gross Profit,Cost of Goods Sold,Manufacturing Overheads,8/1/23,-905070
Apex Electronics AU,Income Statement,EBITDA,Gross Profit,Cost of Goods Sold,Packaging,8/1/23,-362030
Apex Electronics AU,Income Statement,EBITDA,Gross Profit,Cost of Goods Sold,Warranty Provision,8/1/23,-241350
Apex Electronics AU,Income Statement,EBITDA,Gross Profit,Sales,Accessories,8/1/23,799270
Apex Electronics AU,Income Statement,EBITDA,Gross Profit,Sales,Laptops,8/1/23,3123820
Apex Electronics AU,Income Statement,EBITDA,Gross Profit,Sales,Mobile Devices,8/1/23,1927050
Apex Electronics AU,Income Statement,EBITDA,Gross Profit,Sales,Smart Home Devices,8/1/23,577183
Apex Electronics AU,Income Statement,EBITDA,Gross Profit,Sales,TVs,8/1/23,3592040
Apex Electronics AU,Income Statement,EBITDA,Opex,Facilities,Rent & Utilities,8/1/23,-212300
Apex Electronics AU,Income Statement,EBITDA,Opex,G&A,Other G&A,8/1/23,-106150
Apex Electronics AU,Income Statement,EBITDA,Opex,Logistics,Distribution,8/1/23,-212300
Apex Electronics AU,Income Statement,EBITDA,Opex,People,Benefits,8/1/23,-106150
Apex Electronics AU,Income Statement,EBITDA,Opex,People,Salaries & Wages,8/1/23,-1061500
Apex Electronics AU,Income Statement,EBITDA,Opex,Sales & Marketing,Marketing,8/1/23,-212300
Apex Electronics AU,Income Statement,EBITDA,Opex,Technology,IT & Cloud,8/1/23,-212300
Apex Electronics AU,Income Statement,EBITDA,Gross Profit,Cost of Goods Sold,Components,9/1/23,-2820900
Apex Electronics AU,Income Statement,EBITDA,Gross Profit,Cost of Goods Sold,Direct Labor,9/1/23,-1253730
Apex Electronics AU,Income Statement,EBITDA,Gross Profit,Cost of Goods Sold,Freight & Duty,9/1/23,-626870
Apex Electronics AU,Income Statement,EBITDA,Gross Profit,Cost of Goods Sold,Manufacturing Overheads,9/1/23,-940300
Apex Electronics AU,Income Statement,EBITDA,Gross Profit,Cost of Goods Sold,Packaging,9/1/23,-376120
Apex Electronics AU,Income Statement,EBITDA,Gross Profit,Cost of Goods Sold,Warranty Provision,9/1/23,-250750
Apex Electronics AU,Income Statement,EBITDA,Gross Profit,Sales,Accessories,9/1/23,812870
Apex Electronics AU,Income Statement,EBITDA,Gross Profit,Sales,Laptops,9/1/23,3143990
Apex Electronics AU,Income Statement,EBITDA,Gross Profit,Sales,Mobile Devices,9/1/23,1946020
Apex Electronics AU,Income Statement,EBITDA,Gross Profit,Sales,Smart Home Devices,9/1/23,651960
Apex Electronics AU,Income Statement,EBITDA,Gross Profit,Sales,TVs,9/1/23,3749890
Apex Electronics AU,Income Statement,EBITDA,Opex,Facilities,Rent & Utilities,9/1/23,-220560
Apex Electronics AU,Income Statement,EBITDA,Opex,G&A,Other G&A,9/1/23,-110280
Apex Electronics AU,Income Statement,EBITDA,Opex,Logistics,Distribution,9/1/23,-220560
Apex Electronics AU,Income Statement,EBITDA,Opex,People,Benefits,9/1/23,-110280
Apex Electronics AU,Income Statement,EBITDA,Opex,People,Salaries & Wages,9/1/23,-1102820
Apex Electronics AU,Income Statement,EBITDA,Opex,Sales & Marketing,Marketing,9/1/23,-220560
Apex Electronics AU,Income Statement,EBITDA,Opex,Technology,IT & Cloud,9/1/23,-220560
Apex Electronics AU,Income Statement,EBITDA,Gross Profit,Cost of Goods Sold,Components,10/1/23,-2901230
Apex Electronics AU,Income Statement,EBITDA,Gross Profit,Cost of Goods Sold,Direct Labor,10/1/23,-1289430
Apex Electronics AU,Income Statement,EBITDA,Gross Profit,Cost of Goods Sold,Freight & Duty,10/1/23,-644720
Apex Electronics AU,Income Statement,EBITDA,Gross Profit,Cost of Goods Sold,Manufacturing Overheads,10/1/23,-967080
Apex Electronics AU,Income Statement,EBITDA,Gross Profit,Cost of Goods Sold,Packaging,10/1/23,-386830
Apex Electronics AU,Income Statement,EBITDA,Gross Profit,Cost of Goods Sold,Warranty Provision,10/1/23,-257890
Apex Electronics AU,Income Statement,EBITDA,Gross Profit,Sales,Accessories,10/1/23,839220
Apex Electronics AU,Income Statement,EBITDA,Gross Profit,Sales,Laptops,10/1/23,3056260
Apex Electronics AU,Income Statement,EBITDA,Gross Profit,Sales,Mobile Devices,10/1/23,2018570
Apex Electronics AU,Income Statement,EBITDA,Gross Profit,Sales,Smart Home Devices,10/1/23,780200
Apex Electronics AU,Income Statement,EBITDA,Gross Profit,Sales,TVs,10/1/23,3684560
Apex Electronics AU,Income Statement,EBITDA,Opex,Facilities,Rent & Utilities,10/1/23,-226840
Apex Electronics AU,Income Statement,EBITDA,Opex,G&A,Other G&A,10/1/23,-113420
Apex Electronics AU,Income Statement,EBITDA,Opex,Logistics,Distribution,10/1/23,-226840
Apex Electronics AU,Income Statement,EBITDA,Opex,People,Benefits,10/1/23,-113420
Apex Electronics AU,Income Statement,EBITDA,Opex,People,Salaries & Wages,10/1/23,-1134220
Apex Electronics AU,Income Statement,EBITDA,Opex,Sales & Marketing,Marketing,10/1/23,-226840
Apex Electronics AU,Income Statement,EBITDA,Opex,Technology,IT & Cloud,10/1/23,-226840
Apex Electronics AU,Income Statement,EBITDA,Gross Profit,Cost of Goods Sold,Components,11/1/23,-3080050
Apex Electronics AU,Income Statement,EBITDA,Gross Profit,Cost of Goods Sold,Direct Labor,11/1/23,-1368910
Apex Electronics AU,Income Statement,EBITDA,Gross Profit,Cost of Goods Sold,Freight & Duty,11/1/23,-684460
Apex Electronics AU,Income Statement,EBITDA,Gross Profit,Cost of Goods Sold,Manufacturing Overheads,11/1/23,-1026680
Apex Electronics AU,Income Statement,EBITDA,Gross Profit,Cost of Goods Sold,Packaging,11/1/23,-410670
Apex Electronics AU,Income Statement,EBITDA,Gross Profit,Cost of Goods Sold,Warranty Provision,11/1/23,-273780
Apex Electronics AU,Income Statement,EBITDA,Gross Profit,Sales,Accessories,11/1/23,817590
Apex Electronics AU,Income Statement,EBITDA,Gross Profit,Sales,Laptops,11/1/23,3294550
Apex Electronics AU,Income Statement,EBITDA,Gross Profit,Sales,Mobile Devices,11/1/23,2039580
Apex Electronics AU,Income Statement,EBITDA,Gross Profit,Sales,Smart Home Devices,11/1/23,1017980
Apex Electronics AU,Income Statement,EBITDA,Gross Profit,Sales,TVs,11/1/23,3469470
Apex Electronics AU,Income Statement,EBITDA,Opex,Facilities,Rent & Utilities,11/1/23,-240830
Apex Electronics AU,Income Statement,EBITDA,Opex,G&A,Other G&A,11/1/23,-120410
Apex Electronics AU,Income Statement,EBITDA,Opex,Logistics,Distribution,11/1/23,-240830
Apex Electronics AU,Income Statement,EBITDA,Opex,People,Benefits,11/1/23,-120410
Apex Electronics AU,Income Statement,EBITDA,Opex,People,Salaries & Wages,11/1/23,-1204140
Apex Electronics AU,Income Statement,EBITDA,Opex,Sales & Marketing,Marketing,11/1/23,-240830
Apex Electronics AU,Income Statement,EBITDA,Opex,Technology,IT & Cloud,11/1/23,-240830
Apex Electronics AU,Income Statement,EBITDA,Gross Profit,Cost of Goods Sold,Components,12/1/23,-3288570
Apex Electronics AU,Income Statement,EBITDA,Gross Profit,Cost of Goods Sold,Direct Labor,12/1/23,-1461590
Apex Electronics AU,Income Statement,EBITDA,Gross Profit,Cost of Goods Sold,Freight & Duty,12/1/23,-730790
Apex Electronics AU,Income Statement,EBITDA,Gross Profit,Cost of Goods Sold,Manufacturing Overheads,12/1/23,-1096190
Apex Electronics AU,Income Statement,EBITDA,Gross Profit,Cost of Goods Sold,Packaging,12/1/23,-438480
Apex Electronics AU,Income Statement,EBITDA,Gross Profit,Cost of Goods Sold,Warranty Provision,12/1/23,-292320
Apex Electronics AU,Income Statement,EBITDA,Gross Profit,Sales,Accessories,12/1/23,815870
Apex Electronics AU,Income Statement,EBITDA,Gross Profit,Sales,Laptops,12/1/23,3046460
Apex Electronics AU,Income Statement,EBITDA,Gross Profit,Sales,Mobile Devices,12/1/23,1992860
Apex Electronics AU,Income Statement,EBITDA,Gross Profit,Sales,Smart Home Devices,12/1/23,1345407
Apex Electronics AU,Income Statement,EBITDA,Gross Profit,Sales,TVs,12/1/23,3641820
Apex Electronics AU,Income Statement,EBITDA,Opex,Facilities,Rent & Utilities,12/1/23,-257130
Apex Electronics AU,Income Statement,EBITDA,Opex,G&A,Other G&A,12/1/23,-128570
Apex Electronics AU,Income Statement,EBITDA,Opex,Logistics,Distribution,12/1/23,-257130
Apex Electronics AU,Income Statement,EBITDA,Opex,People,Benefits,12/1/23,-128570
Apex Electronics AU,Income Statement,EBITDA,Opex,People,Salaries & Wages,12/1/23,-1285660
Apex Electronics AU,Income Statement,EBITDA,Opex,Sales & Marketing,Marketing,12/1/23,-257130
Apex Electronics AU,Income Statement,EBITDA,Opex,Technology,IT & Cloud,12/1/23,-257130
Apex Electronics AU,Income Statement,EBITDA,Gross Profit,Cost of Goods Sold,Components,1/1/24,-2755040
Apex Electronics AU,Income Statement,EBITDA,Gross Profit,Cost of Goods Sold,Direct Labor,1/1/24,-1224460
Apex Electronics AU,Income Statement,EBITDA,Gross Profit,Cost of Goods Sold,Freight & Duty,1/1/24,-612230
Apex Electronics AU,Income Statement,EBITDA,Gross Profit,Cost of Goods Sold,Manufacturing Overheads,1/1/24,-918350
Apex Electronics AU,Income Statement,EBITDA,Gross Profit,Cost of Goods Sold,Packaging,1/1/24,-367340
Apex Electronics AU,Income Statement,EBITDA,Gross Profit,Cost of Goods Sold,Warranty Provision,1/1/24,-244890
Apex Electronics AU,Income Statement,EBITDA,Gross Profit,Sales,Accessories,1/1/24,841320
Apex Electronics AU,Income Statement,EBITDA,Gross Profit,Sales,Laptops,1/1/24,3282730
Apex Electronics AU,Income Statement,EBITDA,Gross Profit,Sales,Mobile Devices,1/1/24,2062870
Apex Electronics AU,Income Statement,EBITDA,Gross Profit,Sales,Smart Home Devices,1/1/24,396157
Apex Electronics AU,Income Statement,EBITDA,Gross Profit,Sales,TVs,1/1/24,4068180
Apex Electronics AU,Income Statement,EBITDA,Opex,Facilities,Rent & Utilities,1/1/24,-211710
Apex Electronics AU,Income Statement,EBITDA,Opex,G&A,Other G&A,1/1/24,-105850
Apex Electronics AU,Income Statement,EBITDA,Opex,Logistics,Distribution,1/1/24,-211710
Apex Electronics AU,Income Statement,EBITDA,Opex,People,Benefits,1/1/24,-105850
Apex Electronics AU,Income Statement,EBITDA,Opex,People,Salaries & Wages,1/1/24,-1058530
Apex Electronics AU,Income Statement,EBITDA,Opex,Sales & Marketing,Marketing,1/1/24,-211710
Apex Electronics AU,Income Statement,EBITDA,Opex,Technology,IT & Cloud,1/1/24,-211710
Apex Electronics AU,Income Statement,EBITDA,Gross Profit,Cost of Goods Sold,Components,2/1/24,-2772050
Apex Electronics AU,Income Statement,EBITDA,Gross Profit,Cost of Goods Sold,Direct Labor,2/1/24,-1232020
Apex Electronics AU,Income Statement,EBITDA,Gross Profit,Cost of Goods Sold,Freight & Duty,2/1/24,-616010
Apex Electronics AU,Income Statement,EBITDA,Gross Profit,Cost of Goods Sold,Manufacturing Overheads,2/1/24,-924020
Apex Electronics AU,Income Statement,EBITDA,Gross Profit,Cost of Goods Sold,Packaging,2/1/24,-369610
Apex Electronics AU,Income Statement,EBITDA,Gross Profit,Cost of Goods Sold,Warranty Provision,2/1/24,-246400
Apex Electronics AU,Income Statement,EBITDA,Gross Profit,Sales,Accessories,2/1/24,861220
Apex Electronics AU,Income Statement,EBITDA,Gross Profit,Sales,Laptops,2/1/24,3334200
Apex Electronics AU,Income Statement,EBITDA,Gross Profit,Sales,Mobile Devices,2/1/24,2115870
Apex Electronics AU,Income Statement,EBITDA,Gross Profit,Sales,Smart Home Devices,2/1/24,400187
Apex Electronics AU,Income Statement,EBITDA,Gross Profit,Sales,TVs,2/1/24,4002390
Apex Electronics AU,Income Statement,EBITDA,Opex,Facilities,Rent & Utilities,2/1/24,-213010
Apex Electronics AU,Income Statement,EBITDA,Opex,G&A,Other G&A,2/1/24,-106510
Apex Electronics AU,Income Statement,EBITDA,Opex,Logistics,Distribution,2/1/24,-213010
Apex Electronics AU,Income Statement,EBITDA,Opex,People,Benefits,2/1/24,-106510
Apex Electronics AU,Income Statement,EBITDA,Opex,People,Salaries & Wages,2/1/24,-1065070
Apex Electronics AU,Income Statement,EBITDA,Opex,Sales & Marketing,Marketing,2/1/24,-213010
Apex Electronics AU,Income Statement,EBITDA,Opex,Technology,IT & Cloud,2/1/24,-213010
Apex Electronics AU,Income Statement,EBITDA,Gross Profit,Cost of Goods Sold,Components,3/1/24,-2855970
Apex Electronics AU,Income Statement,EBITDA,Gross Profit,Cost of Goods Sold,Direct Labor,3/1/24,-1269320
Apex Electronics AU,Income Statement,EBITDA,Gross Profit,Cost of Goods Sold,Freight & Duty,3/1/24,-634660
Apex Electronics AU,Income Statement,EBITDA,Gross Profit,Cost of Goods Sold,Manufacturing Overheads,3/1/24,-951990
Apex Electronics AU,Income Statement,EBITDA,Gross Profit,Cost of Goods Sold,Packaging,3/1/24,-380800
Apex Electronics AU,Income Statement,EBITDA,Gross Profit,Cost of Goods Sold,Warranty Provision,3/1/24,-253860
Apex Electronics AU,Income Statement,EBITDA,Gross Profit,Sales,Accessories,3/1/24,875690
Apex Electronics AU,Income Statement,EBITDA,Gross Profit,Sales,Laptops,3/1/24,3561330
Apex Electronics AU,Income Statement,EBITDA,Gross Profit,Sales,Mobile Devices,3/1/24,2205120
Apex Electronics AU,Income Statement,EBITDA,Gross Profit,Sales,Smart Home Devices,3/1/24,433327
Apex Electronics AU,Income Statement,EBITDA,Gross Profit,Sales,TVs,3/1/24,3920670
Apex Electronics AU,Income Statement,EBITDA,Opex,Facilities,Rent & Utilities,3/1/24,-219460
Apex Electronics AU,Income Statement,EBITDA,Opex,G&A,Other G&A,3/1/24,-109730
Apex Electronics AU,Income Statement,EBITDA,Opex,Logistics,Distribution,3/1/24,-219460
Apex Electronics AU,Income Statement,EBITDA,Opex,People,Benefits,3/1/24,-109730
Apex Electronics AU,Income Statement,EBITDA,Opex,People,Salaries & Wages,3/1/24,-1097310
Apex Electronics AU,Income Statement,EBITDA,Opex,Sales & Marketing,Marketing,3/1/24,-219460
Apex Electronics AU,Income Statement,EBITDA,Opex,Technology,IT & Cloud,3/1/24,-219460
Apex Electronics AU,Income Statement,EBITDA,Gross Profit,Cost of Goods Sold,Components,4/1/24,-2813370
Apex Electronics AU,Income Statement,EBITDA,Gross Profit,Cost of Goods Sold,Direct Labor,4/1/24,-1250390
Apex Electronics AU,Income Statement,EBITDA,Gross Profit,Cost of Goods Sold,Freight & Duty,4/1/24,-625190
Apex Electronics AU,Income Statement,EBITDA,Gross Profit,Cost of Goods Sold,Manufacturing Overheads,4/1/24,-937790
Apex Electronics AU,Income Statement,EBITDA,Gross Profit,Cost of Goods Sold,Packaging,4/1/24,-375120
Apex Electronics AU,Income Statement,EBITDA,Gross Profit,Cost of Goods Sold,Warranty Provision,4/1/24,-250080
Apex Electronics AU,Income Statement,EBITDA,Gross Profit,Sales,Accessories,4/1/24,893830
Apex Electronics AU,Income Statement,EBITDA,Gross Profit,Sales,Laptops,4/1/24,3283480
Apex Electronics AU,Income Statement,EBITDA,Gross Profit,Sales,Mobile Devices,4/1/24,2163930
Apex Electronics AU,Income Statement,EBITDA,Gross Profit,Sales,Smart Home Devices,4/1/24,463723
Apex Electronics AU,Income Statement,EBITDA,Gross Profit,Sales,TVs,4/1/24,3953460
Apex Electronics AU,Income Statement,EBITDA,Opex,Facilities,Rent & Utilities,4/1/24,-216190
Apex Electronics AU,Income Statement,EBITDA,Opex,G&A,Other G&A,4/1/24,-108090
Apex Electronics AU,Income Statement,EBITDA,Opex,Logistics,Distribution,4/1/24,-216190
Apex Electronics AU,Income Statement,EBITDA,Opex,People,Benefits,4/1/24,-108090
Apex Electronics AU,Income Statement,EBITDA,Opex,People,Salaries & Wages,4/1/24,-1080940
Apex Electronics AU,Income Statement,EBITDA,Opex,Sales & Marketing,Marketing,4/1/24,-216190
Apex Electronics AU,Income Statement,EBITDA,Opex,Technology,IT & Cloud,4/1/24,-216190
Apex Electronics AU,Income Statement,EBITDA,Gross Profit,Cost of Goods Sold,Components,5/1/24,-3500150
Apex Electronics AU,Income Statement,EBITDA,Gross Profit,Cost of Goods Sold,Direct Labor,5/1/24,-1555620
Apex Electronics AU,Income Statement,EBITDA,Gross Profit,Cost of Goods Sold,Freight & Duty,5/1/24,-777810
Apex Electronics AU,Income Statement,EBITDA,Gross Profit,Cost of Goods Sold,Manufacturing Overheads,5/1/24,-1166710
Apex Electronics AU,Income Statement,EBITDA,Gross Profit,Cost of Goods Sold,Packaging,5/1/24,-466690
Apex Electronics AU,Income Statement,EBITDA,Gross Profit,Cost of Goods Sold,Warranty Provision,5/1/24,-311120
Apex Electronics AU,Income Statement,EBITDA,Gross Profit,Sales,Accessories,5/1/24,1011990
Apex Electronics AU,Income Statement,EBITDA,Gross Profit,Sales,Laptops,5/1/24,4266350
Apex Electronics AU,Income Statement,EBITDA,Gross Profit,Sales,Mobile Devices,5/1/24,2646410
Apex Electronics AU,Income Statement,EBITDA,Gross Profit,Sales,Smart Home Devices,5/1/24,675483
Apex Electronics AU,Income Statement,EBITDA,Gross Profit,Sales,TVs,5/1/24,4587300
Apex Electronics AU,Income Statement,EBITDA,Opex,Facilities,Rent & Utilities,5/1/24,-268960
Apex Electronics AU,Income Statement,EBITDA,Opex,G&A,Other G&A,5/1/24,-134480
Apex Electronics AU,Income Statement,EBITDA,Opex,Logistics,Distribution,5/1/24,-268960
Apex Electronics AU,Income Statement,EBITDA,Opex,People,Benefits,5/1/24,-134480
Apex Electronics AU,Income Statement,EBITDA,Opex,People,Salaries & Wages,5/1/24,-1344810
Apex Electronics AU,Income Statement,EBITDA,Opex,Sales & Marketing,Marketing,5/1/24,-268960
Apex Electronics AU,Income Statement,EBITDA,Opex,Technology,IT & Cloud,5/1/24,-268960
Apex Electronics AU,Income Statement,EBITDA,Gross Profit,Cost of Goods Sold,Components,6/1/24,-2973000
Apex Electronics AU,Income Statement,EBITDA,Gross Profit,Cost of Goods Sold,Direct Labor,6/1/24,-1321330
Apex Electronics AU,Income Statement,EBITDA,Gross Profit,Cost of Goods Sold,Freight & Duty,6/1/24,-660670
Apex Electronics AU,Income Statement,EBITDA,Gross Profit,Cost of Goods Sold,Manufacturing Overheads,6/1/24,-991000
Apex Electronics AU,Income Statement,EBITDA,Gross Profit,Cost of Goods Sold,Packaging,6/1/24,-396400
Apex Electronics AU,Income Statement,EBITDA,Gross Profit,Cost of Goods Sold,Warranty Provision,6/1/24,-264270
Apex Electronics AU,Income Statement,EBITDA,Gross Profit,Sales,Accessories,6/1/24,912340
Apex Electronics AU,Income Statement,EBITDA,Gross Profit,Sales,Laptops,6/1/24,3463730
Apex Electronics AU,Income Statement,EBITDA,Gross Profit,Sales,Mobile Devices,6/1/24,2057150
Apex Electronics AU,Income Statement,EBITDA,Gross Profit,Sales,Smart Home Devices,6/1/24,650353
Apex Electronics AU,Income Statement,EBITDA,Gross Profit,Sales,TVs,6/1/24,3964620
Apex Electronics AU,Income Statement,EBITDA,Opex,Facilities,Rent & Utilities,6/1/24,-228450
Apex Electronics AU,Income Statement,EBITDA,Opex,G&A,Other G&A,6/1/24,-114230
Apex Electronics AU,Income Statement,EBITDA,Opex,Logistics,Distribution,6/1/24,-228450
Apex Electronics AU,Income Statement,EBITDA,Opex,People,Benefits,6/1/24,-114230
Apex Electronics AU,Income Statement,EBITDA,Opex,People,Salaries & Wages,6/1/24,-1142270
Apex Electronics AU,Income Statement,EBITDA,Opex,Sales & Marketing,Marketing,6/1/24,-228450
Apex Electronics AU,Income Statement,EBITDA,Opex,Technology,IT & Cloud,6/1/24,-228450
Apex Electronics AU,Income Statement,EBITDA,Gross Profit,Cost of Goods Sold,Components,7/1/24,-2856700
Apex Electronics AU,Income Statement,EBITDA,Gross Profit,Cost of Goods Sold,Direct Labor,7/1/24,-1269640
Apex Electronics AU,Income Statement,EBITDA,Gross Profit,Cost of Goods Sold,Freight & Duty,7/1/24,-634820
Apex Electronics AU,Income Statement,EBITDA,Gross Profit,Cost of Goods Sold,Manufacturing Overheads,7/1/24,-952230
Apex Electronics AU,Income Statement,EBITDA,Gross Profit,Cost of Goods Sold,Packaging,7/1/24,-380890
Apex Electronics AU,Income Statement,EBITDA,Gross Profit,Cost of Goods Sold,Warranty Provision,7/1/24,-253930
Apex Electronics AU,Income Statement,EBITDA,Gross Profit,Sales,Accessories,7/1/24,838160
Apex Electronics AU,Income Statement,EBITDA,Gross Profit,Sales,Laptops,7/1/24,3254220
Apex Electronics AU,Income Statement,EBITDA,Gross Profit,Sales,Mobile Devices,7/1/24,2038910
Apex Electronics AU,Income Statement,EBITDA,Gross Profit,Sales,Smart Home Devices,7/1/24,591197
Apex Electronics AU,Income Statement,EBITDA,Gross Profit,Sales,TVs,7/1/24,3960940
Apex Electronics AU,Income Statement,EBITDA,Opex,Facilities,Rent & Utilities,7/1/24,-219520
Apex Electronics AU,Income Statement,EBITDA,Opex,G&A,Other G&A,7/1/24,-109760
Apex Electronics AU,Income Statement,EBITDA,Opex,Logistics,Distribution,7/1/24,-219520
Apex Electronics AU,Income Statement,EBITDA,Opex,People,Benefits,7/1/24,-109760
Apex Electronics AU,Income Statement,EBITDA,Opex,People,Salaries & Wages,7/1/24,-1097590
Apex Electronics AU,Income Statement,EBITDA,Opex,Sales & Marketing,Marketing,7/1/24,-219520
Apex Electronics AU,Income Statement,EBITDA,Opex,Technology,IT & Cloud,7/1/24,-219520
Apex Electronics AU,Income Statement,EBITDA,Gross Profit,Cost of Goods Sold,Components,8/1/24,-3004720
Apex Electronics AU,Income Statement,EBITDA,Gross Profit,Cost of Goods Sold,Direct Labor,8/1/24,-1335430
Apex Electronics AU,Income Statement,EBITDA,Gross Profit,Cost of Goods Sold,Freight & Duty,8/1/24,-667720
Apex Electronics AU,Income Statement,EBITDA,Gross Profit,Cost of Goods Sold,Manufacturing Overheads,8/1/24,-1001570
Apex Electronics AU,Income Statement,EBITDA,Gross Profit,Cost of Goods Sold,Packaging,8/1/24,-400630
Apex Electronics AU,Income Statement,EBITDA,Gross Profit,Cost of Goods Sold,Warranty Provision,8/1/24,-267090
Apex Electronics AU,Income Statement,EBITDA,Gross Profit,Sales,Accessories,8/1/24,907160
Apex Electronics AU,Income Statement,EBITDA,Gross Profit,Sales,Laptops,8/1/24,3505360
Apex Electronics AU,Income Statement,EBITDA,Gross Profit,Sales,Mobile Devices,8/1/24,2187500
Apex Electronics AU,Income Statement,EBITDA,Gross Profit,Sales,Smart Home Devices,8/1/24,604607
Apex Electronics AU,Income Statement,EBITDA,Gross Profit,Sales,TVs,8/1/24,4066840
Apex Electronics AU,Income Statement,EBITDA,Opex,Facilities,Rent & Utilities,8/1/24,-230890
Apex Electronics AU,Income Statement,EBITDA,Opex,G&A,Other G&A,8/1/24,-115450
Apex Electronics AU,Income Statement,EBITDA,Opex,Logistics,Distribution,8/1/24,-230890
Apex Electronics AU,Income Statement,EBITDA,Opex,People,Benefits,8/1/24,-115450
Apex Electronics AU,Income Statement,EBITDA,Opex,People,Salaries & Wages,8/1/24,-1154460
Apex Electronics AU,Income Statement,EBITDA,Opex,Sales & Marketing,Marketing,8/1/24,-230890
Apex Electronics AU,Income Statement,EBITDA,Opex,Technology,IT & Cloud,8/1/24,-230890
Apex Electronics AU,Income Statement,EBITDA,Gross Profit,Cost of Goods Sold,Components,9/1/24,-2980060
Apex Electronics AU,Income Statement,EBITDA,Gross Profit,Cost of Goods Sold,Direct Labor,9/1/24,-1324470
Apex Electronics AU,Income Statement,EBITDA,Gross Profit,Cost of Goods Sold,Freight & Duty,9/1/24,-662240
Apex Electronics AU,Income Statement,EBITDA,Gross Profit,Cost of Goods Sold,Manufacturing Overheads,9/1/24,-993350
Apex Electronics AU,Income Statement,EBITDA,Gross Profit,Cost of Goods Sold,Packaging,9/1/24,-397340
Apex Electronics AU,Income Statement,EBITDA,Gross Profit,Cost of Goods Sold,Warranty Provision,9/1/24,-264890
Apex Electronics AU,Income Statement,EBITDA,Gross Profit,Sales,Accessories,9/1/24,850560
Apex Electronics AU,Income Statement,EBITDA,Gross Profit,Sales,Laptops,9/1/24,3294840
Apex Electronics AU,Income Statement,EBITDA,Gross Profit,Sales,Mobile Devices,9/1/24,2195330
Apex Electronics AU,Income Statement,EBITDA,Gross Profit,Sales,Smart Home Devices,9/1/24,666853
Apex Electronics AU,Income Statement,EBITDA,Gross Profit,Sales,TVs,9/1/24,4036940
Apex Electronics AU,Income Statement,EBITDA,Opex,Facilities,Rent & Utilities,9/1/24,-229000
Apex Electronics AU,Income Statement,EBITDA,Opex,G&A,Other G&A,9/1/24,-114500
Apex Electronics AU,Income Statement,EBITDA,Opex,Logistics,Distribution,9/1/24,-229000
Apex Electronics AU,Income Statement,EBITDA,Opex,People,Benefits,9/1/24,-114500
Apex Electronics AU,Income Statement,EBITDA,Opex,People,Salaries & Wages,9/1/24,-1602980
Apex Electronics AU,Income Statement,EBITDA,Opex,Sales & Marketing,Marketing,9/1/24,-229000
Apex Electronics AU,Income Statement,EBITDA,Opex,Technology,IT & Cloud,9/1/24,-229000
Apex Electronics AU,Income Statement,EBITDA,Gross Profit,Cost of Goods Sold,Components,10/1/24,-3088560
Apex Electronics AU,Income Statement,EBITDA,Gross Profit,Cost of Goods Sold,Direct Labor,10/1/24,-1372690
Apex Electronics AU,Income Statement,EBITDA,Gross Profit,Cost of Goods Sold,Freight & Duty,10/1/24,-686350
Apex Electronics AU,Income Statement,EBITDA,Gross Profit,Cost of Goods Sold,Manufacturing Overheads,10/1/24,-1029520
Apex Electronics AU,Income Statement,EBITDA,Gross Profit,Cost of Goods Sold,Packaging,10/1/24,-411810
Apex Electronics AU,Income Statement,EBITDA,Gross Profit,Cost of Goods Sold,Warranty Provision,10/1/24,-274540
Apex Electronics AU,Income Statement,EBITDA,Gross Profit,Sales,Accessories,10/1/24,848820
Apex Electronics AU,Income Statement,EBITDA,Gross Profit,Sales,Laptops,10/1/24,3543590
Apex Electronics AU,Income Statement,EBITDA,Gross Profit,Sales,Mobile Devices,10/1/24,2189950
Apex Electronics AU,Income Statement,EBITDA,Gross Profit,Sales,Smart Home Devices,10/1/24,841673
Apex Electronics AU,Income Statement,EBITDA,Gross Profit,Sales,TVs,10/1/24,3721520
Apex Electronics AU,Income Statement,EBITDA,Opex,Facilities,Rent & Utilities,10/1/24,-237330
Apex Electronics AU,Income Statement,EBITDA,Opex,G&A,Other G&A,10/1/24,-118670
Apex Electronics AU,Income Statement,EBITDA,Opex,Logistics,Distribution,10/1/24,-237330
Apex Electronics AU,Income Statement,EBITDA,Opex,People,Benefits,10/1/24,-118670
Apex Electronics AU,Income Statement,EBITDA,Opex,People,Salaries & Wages,10/1/24,-830670
Apex Electronics AU,Income Statement,EBITDA,Opex,Sales & Marketing,Marketing,10/1/24,-237330
Apex Electronics AU,Income Statement,EBITDA,Opex,Technology,IT & Cloud,10/1/24,-237330
Apex Electronics AU,Income Statement,EBITDA,Gross Profit,Cost of Goods Sold,Components,11/1/24,-3265290
Apex Electronics AU,Income Statement,EBITDA,Gross Profit,Cost of Goods Sold,Direct Labor,11/1/24,-1451240
Apex Electronics AU,Income Statement,EBITDA,Gross Profit,Cost of Goods Sold,Freight & Duty,11/1/24,-725620
Apex Electronics AU,Income Statement,EBITDA,Gross Profit,Cost of Goods Sold,Manufacturing Overheads,11/1/24,-1088430
Apex Electronics AU,Income Statement,EBITDA,Gross Profit,Cost of Goods Sold,Packaging,11/1/24,-435370
Apex Electronics AU,Income Statement,EBITDA,Gross Profit,Cost of Goods Sold,Warranty Provision,11/1/24,-290250
Apex Electronics AU,Income Statement,EBITDA,Gross Profit,Sales,Accessories,11/1/24,860070
Apex Electronics AU,Income Statement,EBITDA,Gross Profit,Sales,Laptops,11/1/24,3291400
Apex Electronics AU,Income Statement,EBITDA,Gross Profit,Sales,Mobile Devices,11/1/24,2240670
Apex Electronics AU,Income Statement,EBITDA,Gross Profit,Sales,Smart Home Devices,11/1/24,1080867
Apex Electronics AU,Income Statement,EBITDA,Gross Profit,Sales,TVs,11/1/24,3928240
Apex Electronics AU,Income Statement,EBITDA,Opex,Facilities,Rent & Utilities,11/1/24,-250920
Apex Electronics AU,Income Statement,EBITDA,Opex,G&A,Other G&A,11/1/24,-125460
Apex Electronics AU,Income Statement,EBITDA,Opex,Logistics,Distribution,11/1/24,-250920
Apex Electronics AU,Income Statement,EBITDA,Opex,People,Benefits,11/1/24,-125460
Apex Electronics AU,Income Statement,EBITDA,Opex,People,Salaries & Wages,11/1/24,-878200
Apex Electronics AU,Income Statement,EBITDA,Opex,Sales & Marketing,Marketing,11/1/24,-250920
Apex Electronics AU,Income Statement,EBITDA,Opex,Technology,IT & Cloud,11/1/24,-250920
Apex Electronics AU,Income Statement,EBITDA,Gross Profit,Cost of Goods Sold,Components,12/1/24,-3482470
Apex Electronics AU,Income Statement,EBITDA,Gross Profit,Cost of Goods Sold,Direct Labor,12/1/24,-1547770
Apex Electronics AU,Income Statement,EBITDA,Gross Profit,Cost of Goods Sold,Freight & Duty,12/1/24,-773880
Apex Electronics AU,Income Statement,EBITDA,Gross Profit,Cost of Goods Sold,Manufacturing Overheads,12/1/24,-1160820
Apex Electronics AU,Income Statement,EBITDA,Gross Profit,Cost of Goods Sold,Packaging,12/1/24,-464330
Apex Electronics AU,Income Statement,EBITDA,Gross Profit,Cost of Goods Sold,Warranty Provision,12/1/24,-309550
Apex Electronics AU,Income Statement,EBITDA,Gross Profit,Sales,Accessories,12/1/24,845390
Apex Electronics AU,Income Statement,EBITDA,Gross Profit,Sales,Laptops,12/1/24,3403690
Apex Electronics AU,Income Statement,EBITDA,Gross Profit,Sales,Mobile Devices,12/1/24,2063320
Apex Electronics AU,Income Statement,EBITDA,Gross Profit,Sales,Smart Home Devices,12/1/24,1430043
Apex Electronics AU,Income Statement,EBITDA,Gross Profit,Sales,TVs,12/1/24,3862570
Apex Electronics AU,Income Statement,EBITDA,Opex,Facilities,Rent & Utilities,12/1/24,-267600
Apex Electronics AU,Income Statement,EBITDA,Opex,G&A,Other G&A,12/1/24,-133800
Apex Electronics AU,Income Statement,EBITDA,Opex,Logistics,Distribution,12/1/24,-267600
Apex Electronics AU,Income Statement,EBITDA,Opex,People,Benefits,12/1/24,-133800
Apex Electronics AU,Income Statement,EBITDA,Opex,People,Salaries & Wages,12/1/24,-936620
Apex Electronics AU,Income Statement,EBITDA,Opex,Sales & Marketing,Marketing,12/1/24,-267600
Apex Electronics AU,Income Statement,EBITDA,Opex,Technology,IT & Cloud,12/1/24,-267600
Apex Electronics NZ,Income Statement,EBITDA,Gross Profit,Cost of Goods Sold,Components,1/1/21,-749010
Apex Electronics NZ,Income Statement,EBITDA,Gross Profit,Cost of Goods Sold,Direct Labor,1/1/21,-332890
Apex Electronics NZ,Income Statement,EBITDA,Gross Profit,Cost of Goods Sold,Freight & Duty,1/1/21,-166450
Apex Electronics NZ,Income Statement,EBITDA,Gross Profit,Cost of Goods Sold,Manufacturing Overheads,1/1/21,-249670
Apex Electronics NZ,Income Statement,EBITDA,Gross Profit,Cost of Goods Sold,Packaging,1/1/21,-99870
Apex Electronics NZ,Income Statement,EBITDA,Gross Profit,Cost of Goods Sold,Warranty Provision,1/1/21,-66580
Apex Electronics NZ,Income Statement,EBITDA,Gross Profit,Sales,Accessories,1/1/21,216630
Apex Electronics NZ,Income Statement,EBITDA,Gross Profit,Sales,Laptops,1/1/21,897850
Apex Electronics NZ,Income Statement,EBITDA,Gross Profit,Sales,Mobile Devices,1/1/21,565730
Apex Electronics NZ,Income Statement,EBITDA,Gross Profit,Sales,Smart Home Devices,1/1/21,99503
Apex Electronics NZ,Income Statement,EBITDA,Gross Profit,Sales,TVs,1/1/21,1047560
Apex Electronics NZ,Income Statement,EBITDA,Opex,Facilities,Rent & Utilities,1/1/21,-60530
Apex Electronics NZ,Income Statement,EBITDA,Opex,G&A,Other G&A,1/1/21,-30260
Apex Electronics NZ,Income Statement,EBITDA,Opex,Logistics,Distribution,1/1/21,-60530
Apex Electronics NZ,Income Statement,EBITDA,Opex,People,Benefits,1/1/21,-30260
Apex Electronics NZ,Income Statement,EBITDA,Opex,People,Salaries & Wages,1/1/21,-302630
Apex Electronics NZ,Income Statement,EBITDA,Opex,Sales & Marketing,Marketing,1/1/21,-60530
Apex Electronics NZ,Income Statement,EBITDA,Opex,Technology,IT & Cloud,1/1/21,-60530
Apex Electronics NZ,Income Statement,EBITDA,Gross Profit,Cost of Goods Sold,Components,2/1/21,-726120
Apex Electronics NZ,Income Statement,EBITDA,Gross Profit,Cost of Goods Sold,Direct Labor,2/1/21,-322720
Apex Electronics NZ,Income Statement,EBITDA,Gross Profit,Cost of Goods Sold,Freight & Duty,2/1/21,-161360
Apex Electronics NZ,Income Statement,EBITDA,Gross Profit,Cost of Goods Sold,Manufacturing Overheads,2/1/21,-242040
Apex Electronics NZ,Income Statement,EBITDA,Gross Profit,Cost of Goods Sold,Packaging,2/1/21,-96820
Apex Electronics NZ,Income Statement,EBITDA,Gross Profit,Cost of Goods Sold,Warranty Provision,2/1/21,-64540
Apex Electronics NZ,Income Statement,EBITDA,Gross Profit,Sales,Accessories,2/1/21,232370
Apex Electronics NZ,Income Statement,EBITDA,Gross Profit,Sales,Laptops,2/1/21,879780
Apex Electronics NZ,Income Statement,EBITDA,Gross Profit,Sales,Mobile Devices,2/1/21,526010
Apex Electronics NZ,Income Statement,EBITDA,Gross Profit,Sales,Smart Home Devices,2/1/21,107650
Apex Electronics NZ,Income Statement,EBITDA,Gross Profit,Sales,TVs,2/1/21,972720
Apex Electronics NZ,Income Statement,EBITDA,Opex,Facilities,Rent & Utilities,2/1/21,-58680
Apex Electronics NZ,Income Statement,EBITDA,Opex,G&A,Other G&A,2/1/21,-29340
Apex Electronics NZ,Income Statement,EBITDA,Opex,Logistics,Distribution,2/1/21,-58680
Apex Electronics NZ,Income Statement,EBITDA,Opex,People,Benefits,2/1/21,-29340
Apex Electronics NZ,Income Statement,EBITDA,Opex,People,Salaries & Wages,2/1/21,-293380
Apex Electronics NZ,Income Statement,EBITDA,Opex,Sales & Marketing,Marketing,2/1/21,-58680
Apex Electronics NZ,Income Statement,EBITDA,Opex,Technology,IT & Cloud,2/1/21,-58680
Apex Electronics NZ,Income Statement,EBITDA,Gross Profit,Cost of Goods Sold,Components,3/1/21,-724520
Apex Electronics NZ,Income Statement,EBITDA,Gross Profit,Cost of Goods Sold,Direct Labor,3/1/21,-322010
Apex Electronics NZ,Income Statement,EBITDA,Gross Profit,Cost of Goods Sold,Freight & Duty,3/1/21,-161000
Apex Electronics NZ,Income Statement,EBITDA,Gross Profit,Cost of Goods Sold,Manufacturing Overheads,3/1/21,-241510
Apex Electronics NZ,Income Statement,EBITDA,Gross Profit,Cost of Goods Sold,Packaging,3/1/21,-96600
Apex Electronics NZ,Income Statement,EBITDA,Gross Profit,Cost of Goods Sold,Warranty Provision,3/1/21,-64400
Apex Electronics NZ,Income Statement,EBITDA,Gross Profit,Sales,Accessories,3/1/21,217220
Apex Electronics NZ,Income Statement,EBITDA,Gross Profit,Sales,Laptops,3/1/21,872090
Apex Electronics NZ,Income Statement,EBITDA,Gross Profit,Sales,Mobile Devices,3/1/21,524910
Apex Electronics NZ,Income Statement,EBITDA,Gross Profit,Sales,Smart Home Devices,3/1/21,114560
Apex Electronics NZ,Income Statement,EBITDA,Gross Profit,Sales,TVs,3/1/21,969460
Apex Electronics NZ,Income Statement,EBITDA,Opex,Facilities,Rent & Utilities,3/1/21,-58550
Apex Electronics NZ,Income Statement,EBITDA,Opex,G&A,Other G&A,3/1/21,-29270
Apex Electronics NZ,Income Statement,EBITDA,Opex,Logistics,Distribution,3/1/21,-58550
Apex Electronics NZ,Income Statement,EBITDA,Opex,People,Benefits,3/1/21,-29270
Apex Electronics NZ,Income Statement,EBITDA,Opex,People,Salaries & Wages,3/1/21,-292740
Apex Electronics NZ,Income Statement,EBITDA,Opex,Sales & Marketing,Marketing,3/1/21,-58550
Apex Electronics NZ,Income Statement,EBITDA,Opex,Technology,IT & Cloud,3/1/21,-58550
Apex Electronics NZ,Income Statement,EBITDA,Gross Profit,Cost of Goods Sold,Components,4/1/21,-732710
Apex Electronics NZ,Income Statement,EBITDA,Gross Profit,Cost of Goods Sold,Direct Labor,4/1/21,-325650
Apex Electronics NZ,Income Statement,EBITDA,Gross Profit,Cost of Goods Sold,Freight & Duty,4/1/21,-162830
Apex Electronics NZ,Income Statement,EBITDA,Gross Profit,Cost of Goods Sold,Manufacturing Overheads,4/1/21,-244240
Apex Electronics NZ,Income Statement,EBITDA,Gross Profit,Cost of Goods Sold,Packaging,4/1/21,-97690
Apex Electronics NZ,Income Statement,EBITDA,Gross Profit,Cost of Goods Sold,Warranty Provision,4/1/21,-65130
Apex Electronics NZ,Income Statement,EBITDA,Gross Profit,Sales,Accessories,4/1/21,218860
Apex Electronics NZ,Income Statement,EBITDA,Gross Profit,Sales,Laptops,4/1/21,842620
Apex Electronics NZ,Income Statement,EBITDA,Gross Profit,Sales,Mobile Devices,4/1/21,548660
Apex Electronics NZ,Income Statement,EBITDA,Gross Profit,Sales,Smart Home Devices,4/1/21,127123
Apex Electronics NZ,Income Statement,EBITDA,Gross Profit,Sales,TVs,4/1/21,968950
Apex Electronics NZ,Income Statement,EBITDA,Opex,Facilities,Rent & Utilities,4/1/21,-59210
Apex Electronics NZ,Income Statement,EBITDA,Opex,G&A,Other G&A,4/1/21,-29600
Apex Electronics NZ,Income Statement,EBITDA,Opex,Logistics,Distribution,4/1/21,-59210
Apex Electronics NZ,Income Statement,EBITDA,Opex,People,Benefits,4/1/21,-29600
Apex Electronics NZ,Income Statement,EBITDA,Opex,People,Salaries & Wages,4/1/21,-296050
Apex Electronics NZ,Income Statement,EBITDA,Opex,Sales & Marketing,Marketing,4/1/21,-59210
Apex Electronics NZ,Income Statement,EBITDA,Opex,Technology,IT & Cloud,4/1/21,-59210
Apex Electronics NZ,Income Statement,EBITDA,Gross Profit,Cost of Goods Sold,Components,5/1/21,-757530
Apex Electronics NZ,Income Statement,EBITDA,Gross Profit,Cost of Goods Sold,Direct Labor,5/1/21,-336680
Apex Electronics NZ,Income Statement,EBITDA,Gross Profit,Cost of Goods Sold,Freight & Duty,5/1/21,-168340
Apex Electronics NZ,Income Statement,EBITDA,Gross Profit,Cost of Goods Sold,Manufacturing Overheads,5/1/21,-252510
Apex Electronics NZ,Income Statement,EBITDA,Gross Profit,Cost of Goods Sold,Packaging,5/1/21,-101000
Apex Electronics NZ,Income Statement,EBITDA,Gross Profit,Cost of Goods Sold,Warranty Provision,5/1/21,-67340
Apex Electronics NZ,Income Statement,EBITDA,Gross Profit,Sales,Accessories,5/1/21,229110
Apex Electronics NZ,Income Statement,EBITDA,Gross Profit,Sales,Laptops,5/1/21,865150
Apex Electronics NZ,Income Statement,EBITDA,Gross Profit,Sales,Mobile Devices,5/1/21,538360
Apex Electronics NZ,Income Statement,EBITDA,Gross Profit,Sales,Smart Home Devices,5/1/21,132547
Apex Electronics NZ,Income Statement,EBITDA,Gross Profit,Sales,TVs,5/1/21,1030480
Apex Electronics NZ,Income Statement,EBITDA,Opex,Facilities,Rent & Utilities,5/1/21,-61210
Apex Electronics NZ,Income Statement,EBITDA,Opex,G&A,Other G&A,5/1/21,-30610
Apex Electronics NZ,Income Statement,EBITDA,Opex,Logistics,Distribution,5/1/21,-61210
Apex Electronics NZ,Income Statement,EBITDA,Opex,People,Benefits,5/1/21,-30610
Apex Electronics NZ,Income Statement,EBITDA,Opex,People,Salaries & Wages,5/1/21,-306070
Apex Electronics NZ,Income Statement,EBITDA,Opex,Sales & Marketing,Marketing,5/1/21,-61210
Apex Electronics NZ,Income Statement,EBITDA,Opex,Technology,IT & Cloud,5/1/21,-61210
Apex Electronics NZ,Income Statement,EBITDA,Gross Profit,Cost of Goods Sold,Components,6/1/21,-785790
Apex Electronics NZ,Income Statement,EBITDA,Gross Profit,Cost of Goods Sold,Direct Labor,6/1/21,-349240
Apex Electronics NZ,Income Statement,EBITDA,Gross Profit,Cost of Goods Sold,Freight & Duty,6/1/21,-174620
Apex Electronics NZ,Income Statement,EBITDA,Gross Profit,Cost of Goods Sold,Manufacturing Overheads,6/1/21,-261930
Apex Electronics NZ,Income Statement,EBITDA,Gross Profit,Cost of Goods Sold,Packaging,6/1/21,-104770
Apex Electronics NZ,Income Statement,EBITDA,Gross Profit,Cost of Goods Sold,Warranty Provision,6/1/21,-69850
Apex Electronics NZ,Income Statement,EBITDA,Gross Profit,Sales,Accessories,6/1/21,216900
Apex Electronics NZ,Income Statement,EBITDA,Gross Profit,Sales,Laptops,6/1/21,871410
Apex Electronics NZ,Income Statement,EBITDA,Gross Profit,Sales,Mobile Devices,6/1/21,553780
Apex Electronics NZ,Income Statement,EBITDA,Gross Profit,Sales,Smart Home Devices,6/1/21,168253
Apex Electronics NZ,Income Statement,EBITDA,Gross Profit,Sales,TVs,6/1/21,1028070
Apex Electronics NZ,Income Statement,EBITDA,Opex,Facilities,Rent & Utilities,6/1/21,-63500
Apex Electronics NZ,Income Statement,EBITDA,Opex,G&A,Other G&A,6/1/21,-31750
Apex Electronics NZ,Income Statement,EBITDA,Opex,Logistics,Distribution,6/1/21,-63500
Apex Electronics NZ,Income Statement,EBITDA,Opex,People,Benefits,6/1/21,-31750
Apex Electronics NZ,Income Statement,EBITDA,Opex,People,Salaries & Wages,6/1/21,-317490
Apex Electronics NZ,Income Statement,EBITDA,Opex,Sales & Marketing,Marketing,6/1/21,-63500
Apex Electronics NZ,Income Statement,EBITDA,Opex,Technology,IT & Cloud,6/1/21,-63500
Apex Electronics NZ,Income Statement,EBITDA,Gross Profit,Cost of Goods Sold,Components,7/1/21,-763870
Apex Electronics NZ,Income Statement,EBITDA,Gross Profit,Cost of Goods Sold,Direct Labor,7/1/21,-339500
Apex Electronics NZ,Income Statement,EBITDA,Gross Profit,Cost of Goods Sold,Freight & Duty,7/1/21,-169750
Apex Electronics NZ,Income Statement,EBITDA,Gross Profit,Cost of Goods Sold,Manufacturing Overheads,7/1/21,-254620
Apex Electronics NZ,Income Statement,EBITDA,Gross Profit,Cost of Goods Sold,Packaging,7/1/21,-101850
Apex Electronics NZ,Income Statement,EBITDA,Gross Profit,Cost of Goods Sold,Warranty Provision,7/1/21,-67900
Apex Electronics NZ,Income Statement,EBITDA,Gross Profit,Sales,Accessories,7/1/21,214440
Apex Electronics NZ,Income Statement,EBITDA,Gross Profit,Sales,Laptops,7/1/21,880180
Apex Electronics NZ,Income Statement,EBITDA,Gross Profit,Sales,Mobile Devices,7/1/21,539220
Apex Electronics NZ,Income Statement,EBITDA,Gross Profit,Sales,Smart Home Devices,7/1/21,149050
Apex Electronics NZ,Income Statement,EBITDA,Gross Profit,Sales,TVs,7/1/21,1005360
Apex Electronics NZ,Income Statement,EBITDA,Opex,Facilities,Rent & Utilities,7/1/21,-61730
Apex Electronics NZ,Income Statement,EBITDA,Opex,G&A,Other G&A,7/1/21,-30860
Apex Electronics NZ,Income Statement,EBITDA,Opex,Logistics,Distribution,7/1/21,-61730
Apex Electronics NZ,Income Statement,EBITDA,Opex,People,Benefits,7/1/21,-30860
Apex Electronics NZ,Income Statement,EBITDA,Opex,People,Salaries & Wages,7/1/21,-308640
Apex Electronics NZ,Income Statement,EBITDA,Opex,Sales & Marketing,Marketing,7/1/21,-61730
Apex Electronics NZ,Income Statement,EBITDA,Opex,Technology,IT & Cloud,7/1/21,-61730
Apex Electronics NZ,Income Statement,EBITDA,Gross Profit,Cost of Goods Sold,Components,8/1/21,-772600
Apex Electronics NZ,Income Statement,EBITDA,Gross Profit,Cost of Goods Sold,Direct Labor,8/1/21,-343380
Apex Electronics NZ,Income Statement,EBITDA,Gross Profit,Cost of Goods Sold,Freight & Duty,8/1/21,-171690
Apex Electronics NZ,Income Statement,EBITDA,Gross Profit,Cost of Goods Sold,Manufacturing Overheads,8/1/21,-257530
Apex Electronics NZ,Income Statement,EBITDA,Gross Profit,Cost of Goods Sold,Packaging,8/1/21,-103010
Apex Electronics NZ,Income Statement,EBITDA,Gross Profit,Cost of Goods Sold,Warranty Provision,8/1/21,-68680
Apex Electronics NZ,Income Statement,EBITDA,Gross Profit,Sales,Accessories,8/1/21,226280
Apex Electronics NZ,Income Statement,EBITDA,Gross Profit,Sales,Laptops,8/1/21,856940
Apex Electronics NZ,Income Statement,EBITDA,Gross Profit,Sales,Mobile Devices,8/1/21,558910
Apex Electronics NZ,Income Statement,EBITDA,Gross Profit,Sales,Smart Home Devices,8/1/21,167113
Apex Electronics NZ,Income Statement,EBITDA,Gross Profit,Sales,TVs,8/1/21,978140
Apex Electronics NZ,Income Statement,EBITDA,Opex,Facilities,Rent & Utilities,8/1/21,-62430
Apex Electronics NZ,Income Statement,EBITDA,Opex,G&A,Other G&A,8/1/21,-31220
Apex Electronics NZ,Income Statement,EBITDA,Opex,Logistics,Distribution,8/1/21,-62430
Apex Electronics NZ,Income Statement,EBITDA,Opex,People,Benefits,8/1/21,-31220
Apex Electronics NZ,Income Statement,EBITDA,Opex,People,Salaries & Wages,8/1/21,-312160
Apex Electronics NZ,Income Statement,EBITDA,Opex,Sales & Marketing,Marketing,8/1/21,-62430
Apex Electronics NZ,Income Statement,EBITDA,Opex,Technology,IT & Cloud,8/1/21,-62430
Apex Electronics NZ,Income Statement,EBITDA,Gross Profit,Cost of Goods Sold,Components,9/1/21,-778090
Apex Electronics NZ,Income Statement,EBITDA,Gross Profit,Cost of Goods Sold,Direct Labor,9/1/21,-345820
Apex Electronics NZ,Income Statement,EBITDA,Gross Profit,Cost of Goods Sold,Freight & Duty,9/1/21,-172910
Apex Electronics NZ,Income Statement,EBITDA,Gross Profit,Cost of Goods Sold,Manufacturing Overheads,9/1/21,-259360
Apex Electronics NZ,Income Statement,EBITDA,Gross Profit,Cost of Goods Sold,Packaging,9/1/21,-103750
Apex Electronics NZ,Income Statement,EBITDA,Gross Profit,Cost of Goods Sold,Warranty Provision,9/1/21,-69160
Apex Electronics NZ,Income Statement,EBITDA,Gross Profit,Sales,Accessories,9/1/21,217380
Apex Electronics NZ,Income Statement,EBITDA,Gross Profit,Sales,Laptops,9/1/21,894460
Apex Electronics NZ,Income Statement,EBITDA,Gross Profit,Sales,Mobile Devices,9/1/21,547900
Apex Electronics NZ,Income Statement,EBITDA,Gross Profit,Sales,Smart Home Devices,9/1/21,175017
Apex Electronics NZ,Income Statement,EBITDA,Gross Profit,Sales,TVs,9/1/21,959000
Apex Electronics NZ,Income Statement,EBITDA,Opex,Facilities,Rent & Utilities,9/1/21,-62880
Apex Electronics NZ,Income Statement,EBITDA,Opex,G&A,Other G&A,9/1/21,-31440
Apex Electronics NZ,Income Statement,EBITDA,Opex,Logistics,Distribution,9/1/21,-62880
Apex Electronics NZ,Income Statement,EBITDA,Opex,People,Benefits,9/1/21,-31440
Apex Electronics NZ,Income Statement,EBITDA,Opex,People,Salaries & Wages,9/1/21,-314380
Apex Electronics NZ,Income Statement,EBITDA,Opex,Sales & Marketing,Marketing,9/1/21,-62880
Apex Electronics NZ,Income Statement,EBITDA,Opex,Technology,IT & Cloud,9/1/21,-62880
Apex Electronics NZ,Income Statement,EBITDA,Gross Profit,Cost of Goods Sold,Components,10/1/21,-823140
Apex Electronics NZ,Income Statement,EBITDA,Gross Profit,Cost of Goods Sold,Direct Labor,10/1/21,-365840
Apex Electronics NZ,Income Statement,EBITDA,Gross Profit,Cost of Goods Sold,Freight & Duty,10/1/21,-182920
Apex Electronics NZ,Income Statement,EBITDA,Gross Profit,Cost of Goods Sold,Manufacturing Overheads,10/1/21,-274380
Apex Electronics NZ,Income Statement,EBITDA,Gross Profit,Cost of Goods Sold,Packaging,10/1/21,-109750
Apex Electronics NZ,Income Statement,EBITDA,Gross Profit,Cost of Goods Sold,Warranty Provision,10/1/21,-73170
Apex Electronics NZ,Income Statement,EBITDA,Gross Profit,Sales,Accessories,10/1/21,216410
Apex Electronics NZ,Income Statement,EBITDA,Gross Profit,Sales,Laptops,10/1/21,862910
Apex Electronics NZ,Income Statement,EBITDA,Gross Profit,Sales,Mobile Devices,10/1/21,527320
Apex Electronics NZ,Income Statement,EBITDA,Gross Profit,Sales,Smart Home Devices,10/1/21,235393
Apex Electronics NZ,Income Statement,EBITDA,Gross Profit,Sales,TVs,10/1/21,1013030
Apex Electronics NZ,Income Statement,EBITDA,Opex,Facilities,Rent & Utilities,10/1/21,-66520
Apex Electronics NZ,Income Statement,EBITDA,Opex,G&A,Other G&A,10/1/21,-33260
Apex Electronics NZ,Income Statement,EBITDA,Opex,Logistics,Distribution,10/1/21,-66520
Apex Electronics NZ,Income Statement,EBITDA,Opex,People,Benefits,10/1/21,-33260
Apex Electronics NZ,Income Statement,EBITDA,Opex,People,Salaries & Wages,10/1/21,-332580
Apex Electronics NZ,Income Statement,EBITDA,Opex,Sales & Marketing,Marketing,10/1/21,-66520
Apex Electronics NZ,Income Statement,EBITDA,Opex,Technology,IT & Cloud,10/1/21,-66520
Apex Electronics NZ,Income Statement,EBITDA,Gross Profit,Cost of Goods Sold,Components,11/1/21,-867210
Apex Electronics NZ,Income Statement,EBITDA,Gross Profit,Cost of Goods Sold,Direct Labor,11/1/21,-385430
Apex Electronics NZ,Income Statement,EBITDA,Gross Profit,Cost of Goods Sold,Freight & Duty,11/1/21,-192710
Apex Electronics NZ,Income Statement,EBITDA,Gross Profit,Cost of Goods Sold,Manufacturing Overheads,11/1/21,-289070
Apex Electronics NZ,Income Statement,EBITDA,Gross Profit,Cost of Goods Sold,Packaging,11/1/21,-115630
Apex Electronics NZ,Income Statement,EBITDA,Gross Profit,Cost of Goods Sold,Warranty Provision,11/1/21,-77090
Apex Electronics NZ,Income Statement,EBITDA,Gross Profit,Sales,Accessories,11/1/21,215920
Apex Electronics NZ,Income Statement,EBITDA,Gross Profit,Sales,Laptops,11/1/21,870570
Apex Electronics NZ,Income Statement,EBITDA,Gross Profit,Sales,Mobile Devices,11/1/21,537470
Apex Electronics NZ,Income Statement,EBITDA,Gross Profit,Sales,Smart Home Devices,11/1/21,286070
Apex Electronics NZ,Income Statement,EBITDA,Gross Profit,Sales,TVs,11/1/21,1021690
Apex Electronics NZ,Income Statement,EBITDA,Opex,Facilities,Rent & Utilities,11/1/21,-70080
Apex Electronics NZ,Income Statement,EBITDA,Opex,G&A,Other G&A,11/1/21,-35040
Apex Electronics NZ,Income Statement,EBITDA,Opex,Logistics,Distribution,11/1/21,-70080
Apex Electronics NZ,Income Statement,EBITDA,Opex,People,Benefits,11/1/21,-35040
Apex Electronics NZ,Income Statement,EBITDA,Opex,People,Salaries & Wages,11/1/21,-350390
Apex Electronics NZ,Income Statement,EBITDA,Opex,Sales & Marketing,Marketing,11/1/21,-70080
Apex Electronics NZ,Income Statement,EBITDA,Opex,Technology,IT & Cloud,11/1/21,-70080
Apex Electronics NZ,Income Statement,EBITDA,Gross Profit,Cost of Goods Sold,Components,12/1/21,-954890
Apex Electronics NZ,Income Statement,EBITDA,Gross Profit,Cost of Goods Sold,Direct Labor,12/1/21,-424400
Apex Electronics NZ,Income Statement,EBITDA,Gross Profit,Cost of Goods Sold,Freight & Duty,12/1/21,-212200
Apex Electronics NZ,Income Statement,EBITDA,Gross Profit,Cost of Goods Sold,Manufacturing Overheads,12/1/21,-318300
Apex Electronics NZ,Income Statement,EBITDA,Gross Profit,Cost of Goods Sold,Packaging,12/1/21,-127320
Apex Electronics NZ,Income Statement,EBITDA,Gross Profit,Cost of Goods Sold,Warranty Provision,12/1/21,-84880
Apex Electronics NZ,Income Statement,EBITDA,Gross Profit,Sales,Accessories,12/1/21,223470
Apex Electronics NZ,Income Statement,EBITDA,Gross Profit,Sales,Laptops,12/1/21,897620
Apex Electronics NZ,Income Statement,EBITDA,Gross Profit,Sales,Mobile Devices,12/1/21,562070
Apex Electronics NZ,Income Statement,EBITDA,Gross Profit,Sales,Smart Home Devices,12/1/21,379773
Apex Electronics NZ,Income Statement,EBITDA,Gross Profit,Sales,TVs,12/1/21,1035660
Apex Electronics NZ,Income Statement,EBITDA,Opex,Facilities,Rent & Utilities,12/1/21,-77160
Apex Electronics NZ,Income Statement,EBITDA,Opex,G&A,Other G&A,12/1/21,-38580
Apex Electronics NZ,Income Statement,EBITDA,Opex,Logistics,Distribution,12/1/21,-77160
Apex Electronics NZ,Income Statement,EBITDA,Opex,People,Benefits,12/1/21,-38580
Apex Electronics NZ,Income Statement,EBITDA,Opex,People,Salaries & Wages,12/1/21,-385810
Apex Electronics NZ,Income Statement,EBITDA,Opex,Sales & Marketing,Marketing,12/1/21,-77160
Apex Electronics NZ,Income Statement,EBITDA,Opex,Technology,IT & Cloud,12/1/21,-77160
Apex Electronics NZ,Income Statement,EBITDA,Gross Profit,Cost of Goods Sold,Components,1/1/22,-806280
Apex Electronics NZ,Income Statement,EBITDA,Gross Profit,Cost of Goods Sold,Direct Labor,1/1/22,-358350
Apex Electronics NZ,Income Statement,EBITDA,Gross Profit,Cost of Goods Sold,Freight & Duty,1/1/22,-179170
Apex Electronics NZ,Income Statement,EBITDA,Gross Profit,Cost of Goods Sold,Manufacturing Overheads,1/1/22,-268760
Apex Electronics NZ,Income Statement,EBITDA,Gross Profit,Cost of Goods Sold,Packaging,1/1/22,-107500
Apex Electronics NZ,Income Statement,EBITDA,Gross Profit,Cost of Goods Sold,Warranty Provision,1/1/22,-71670
Apex Electronics NZ,Income Statement,EBITDA,Gross Profit,Sales,Accessories,1/1/22,237680
Apex Electronics NZ,Income Statement,EBITDA,Gross Profit,Sales,Laptops,1/1/22,946120
Apex Electronics NZ,Income Statement,EBITDA,Gross Profit,Sales,Mobile Devices,1/1/22,583490
Apex Electronics NZ,Income Statement,EBITDA,Gross Profit,Sales,Smart Home Devices,1/1/22,110963
Apex Electronics NZ,Income Statement,EBITDA,Gross Profit,Sales,TVs,1/1/22,1099340
Apex Electronics NZ,Income Statement,EBITDA,Opex,Facilities,Rent & Utilities,1/1/22,-65590
Apex Electronics NZ,Income Statement,EBITDA,Opex,G&A,Other G&A,1/1/22,-32800
Apex Electronics NZ,Income Statement,EBITDA,Opex,Logistics,Distribution,1/1/22,-65590
Apex Electronics NZ,Income Statement,EBITDA,Opex,People,Benefits,1/1/22,-32800
Apex Electronics NZ,Income Statement,EBITDA,Opex,People,Salaries & Wages,1/1/22,-327950
Apex Electronics NZ,Income Statement,EBITDA,Opex,Sales & Marketing,Marketing,1/1/22,-65590
Apex Electronics NZ,Income Statement,EBITDA,Opex,Technology,IT & Cloud,1/1/22,-65590
Apex Electronics NZ,Income Statement,EBITDA,Gross Profit,Cost of Goods Sold,Components,2/1/22,-818640
Apex Electronics NZ,Income Statement,EBITDA,Gross Profit,Cost of Goods Sold,Direct Labor,2/1/22,-363840
Apex Electronics NZ,Income Statement,EBITDA,Gross Profit,Cost of Goods Sold,Freight & Duty,2/1/22,-181920
Apex Electronics NZ,Income Statement,EBITDA,Gross Profit,Cost of Goods Sold,Manufacturing Overheads,2/1/22,-272880
Apex Electronics NZ,Income Statement,EBITDA,Gross Profit,Cost of Goods Sold,Packaging,2/1/22,-109150
Apex Electronics NZ,Income Statement,EBITDA,Gross Profit,Cost of Goods Sold,Warranty Provision,2/1/22,-72770
Apex Electronics NZ,Income Statement,EBITDA,Gross Profit,Sales,Accessories,2/1/22,254500
Apex Electronics NZ,Income Statement,EBITDA,Gross Profit,Sales,Laptops,2/1/22,1006640
Apex Electronics NZ,Income Statement,EBITDA,Gross Profit,Sales,Mobile Devices,2/1/22,603930
Apex Electronics NZ,Income Statement,EBITDA,Gross Profit,Sales,Smart Home Devices,2/1/22,111997
Apex Electronics NZ,Income Statement,EBITDA,Gross Profit,Sales,TVs,2/1/22,1047510
Apex Electronics NZ,Income Statement,EBITDA,Opex,Facilities,Rent & Utilities,2/1/22,-66600
Apex Electronics NZ,Income Statement,EBITDA,Opex,G&A,Other G&A,2/1/22,-33300
Apex Electronics NZ,Income Statement,EBITDA,Opex,Logistics,Distribution,2/1/22,-66600
Apex Electronics NZ,Income Statement,EBITDA,Opex,People,Benefits,2/1/22,-33300
Apex Electronics NZ,Income Statement,EBITDA,Opex,People,Salaries & Wages,2/1/22,-332980
Apex Electronics NZ,Income Statement,EBITDA,Opex,Sales & Marketing,Marketing,2/1/22,-66600
Apex Electronics NZ,Income Statement,EBITDA,Opex,Technology,IT & Cloud,2/1/22,-66600
Apex Electronics NZ,Income Statement,EBITDA,Gross Profit,Cost of Goods Sold,Components,3/1/22,-813050
Apex Electronics NZ,Income Statement,EBITDA,Gross Profit,Cost of Goods Sold,Direct Labor,3/1/22,-361360
Apex Electronics NZ,Income Statement,EBITDA,Gross Profit,Cost of Goods Sold,Freight & Duty,3/1/22,-180680
Apex Electronics NZ,Income Statement,EBITDA,Gross Profit,Cost of Goods Sold,Manufacturing Overheads,3/1/22,-271020
Apex Electronics NZ,Income Statement,EBITDA,Gross Profit,Cost of Goods Sold,Packaging,3/1/22,-108410
Apex Electronics NZ,Income Statement,EBITDA,Gross Profit,Cost of Goods Sold,Warranty Provision,3/1/22,-72270
Apex Electronics NZ,Income Statement,EBITDA,Gross Profit,Sales,Accessories,3/1/22,245990
Apex Electronics NZ,Income Statement,EBITDA,Gross Profit,Sales,Laptops,3/1/22,946290
Apex Electronics NZ,Income Statement,EBITDA,Gross Profit,Sales,Mobile Devices,3/1/22,606250
Apex Electronics NZ,Income Statement,EBITDA,Gross Profit,Sales,Smart Home Devices,3/1/22,117830
Apex Electronics NZ,Income Statement,EBITDA,Gross Profit,Sales,TVs,3/1/22,1074370
Apex Electronics NZ,Income Statement,EBITDA,Opex,Facilities,Rent & Utilities,3/1/22,-66140
Apex Electronics NZ,Income Statement,EBITDA,Opex,G&A,Other G&A,3/1/22,-33070
Apex Electronics NZ,Income Statement,EBITDA,Opex,Logistics,Distribution,3/1/22,-66140
Apex Electronics NZ,Income Statement,EBITDA,Opex,People,Benefits,3/1/22,-33070
Apex Electronics NZ,Income Statement,EBITDA,Opex,People,Salaries & Wages,3/1/22,-330700
Apex Electronics NZ,Income Statement,EBITDA,Opex,Sales & Marketing,Marketing,3/1/22,-66140
Apex Electronics NZ,Income Statement,EBITDA,Opex,Technology,IT & Cloud,3/1/22,-66140
Apex Electronics NZ,Income Statement,EBITDA,Gross Profit,Cost of Goods Sold,Components,4/1/22,-844640
Apex Electronics NZ,Income Statement,EBITDA,Gross Profit,Cost of Goods Sold,Direct Labor,4/1/22,-375390
Apex Electronics NZ,Income Statement,EBITDA,Gross Profit,Cost of Goods Sold,Freight & Duty,4/1/22,-187700
Apex Electronics NZ,Income Statement,EBITDA,Gross Profit,Cost of Goods Sold,Manufacturing Overheads,4/1/22,-281550
Apex Electronics NZ,Income Statement,EBITDA,Gross Profit,Cost of Goods Sold,Packaging,4/1/22,-112620
Apex Electronics NZ,Income Statement,EBITDA,Gross Profit,Cost of Goods Sold,Warranty Provision,4/1/22,-75080
Apex Electronics NZ,Income Statement,EBITDA,Gross Profit,Sales,Accessories,4/1/22,253120
Apex Electronics NZ,Income Statement,EBITDA,Gross Profit,Sales,Laptops,4/1/22,941440
Apex Electronics NZ,Income Statement,EBITDA,Gross Profit,Sales,Mobile Devices,4/1/22,614650
Apex Electronics NZ,Income Statement,EBITDA,Gross Profit,Sales,Smart Home Devices,4/1/22,141193
Apex Electronics NZ,Income Statement,EBITDA,Gross Profit,Sales,TVs,4/1/22,1118950
Apex Electronics NZ,Income Statement,EBITDA,Opex,Facilities,Rent & Utilities,4/1/22,-68710
Apex Electronics NZ,Income Statement,EBITDA,Opex,G&A,Other G&A,4/1/22,-34360
Apex Electronics NZ,Income Statement,EBITDA,Opex,Logistics,Distribution,4/1/22,-68710
Apex Electronics NZ,Income Statement,EBITDA,Opex,People,Benefits,4/1/22,-34360
Apex Electronics NZ,Income Statement,EBITDA,Opex,People,Salaries & Wages,4/1/22,-343550
Apex Electronics NZ,Income Statement,EBITDA,Opex,Sales & Marketing,Marketing,4/1/22,-68710
Apex Electronics NZ,Income Statement,EBITDA,Opex,Technology,IT & Cloud,4/1/22,-68710
Apex Electronics NZ,Income Statement,EBITDA,Gross Profit,Cost of Goods Sold,Components,5/1/22,-862080
Apex Electronics NZ,Income Statement,EBITDA,Gross Profit,Cost of Goods Sold,Direct Labor,5/1/22,-383150
Apex Electronics NZ,Income Statement,EBITDA,Gross Profit,Cost of Goods Sold,Freight & Duty,5/1/22,-191570
Apex Electronics NZ,Income Statement,EBITDA,Gross Profit,Cost of Goods Sold,Manufacturing Overheads,5/1/22,-287360
Apex Electronics NZ,Income Statement,EBITDA,Gross Profit,Cost of Goods Sold,Packaging,5/1/22,-114940
Apex Electronics NZ,Income Statement,EBITDA,Gross Profit,Cost of Goods Sold,Warranty Provision,5/1/22,-76630
Apex Electronics NZ,Income Statement,EBITDA,Gross Profit,Sales,Accessories,5/1/22,242970
Apex Electronics NZ,Income Statement,EBITDA,Gross Profit,Sales,Laptops,5/1/22,994240
Apex Electronics NZ,Income Statement,EBITDA,Gross Profit,Sales,Mobile Devices,5/1/22,623650
Apex Electronics NZ,Income Statement,EBITDA,Gross Profit,Sales,Smart Home Devices,5/1/22,158100
Apex Electronics NZ,Income Statement,EBITDA,Gross Profit,Sales,TVs,5/1/22,1085800
Apex Electronics NZ,Income Statement,EBITDA,Opex,Facilities,Rent & Utilities,5/1/22,-70130
Apex Electronics NZ,Income Statement,EBITDA,Opex,G&A,Other G&A,5/1/22,-35060
Apex Electronics NZ,Income Statement,EBITDA,Opex,Logistics,Distribution,5/1/22,-70130
Apex Electronics NZ,Income Statement,EBITDA,Opex,People,Benefits,5/1/22,-35060
Apex Electronics NZ,Income Statement,EBITDA,Opex,People,Salaries & Wages,5/1/22,-350650
Apex Electronics NZ,Income Statement,EBITDA,Opex,Sales & Marketing,Marketing,5/1/22,-70130
Apex Electronics NZ,Income Statement,EBITDA,Opex,Technology,IT & Cloud,5/1/22,-70130
Apex Electronics NZ,Income Statement,EBITDA,Gross Profit,Cost of Goods Sold,Components,6/1/22,-879490
Apex Electronics NZ,Income Statement,EBITDA,Gross Profit,Cost of Goods Sold,Direct Labor,6/1/22,-390880
Apex Electronics NZ,Income Statement,EBITDA,Gross Profit,Cost of Goods Sold,Freight & Duty,6/1/22,-195440
Apex Electronics NZ,Income Statement,EBITDA,Gross Profit,Cost of Goods Sold,Manufacturing Overheads,6/1/22,-293160
Apex Electronics NZ,Income Statement,EBITDA,Gross Profit,Cost of Goods Sold,Packaging,6/1/22,-117270
Apex Electronics NZ,Income Statement,EBITDA,Gross Profit,Cost of Goods Sold,Warranty Provision,6/1/22,-78180
Apex Electronics NZ,Income Statement,EBITDA,Gross Profit,Sales,Accessories,6/1/22,257190
Apex Electronics NZ,Income Statement,EBITDA,Gross Profit,Sales,Laptops,6/1/22,956250
Apex Electronics NZ,Income Statement,EBITDA,Gross Profit,Sales,Mobile Devices,6/1/22,634790
Apex Electronics NZ,Income Statement,EBITDA,Gross Profit,Sales,Smart Home Devices,6/1/22,197287
Apex Electronics NZ,Income Statement,EBITDA,Gross Profit,Sales,TVs,6/1/22,1049940
Apex Electronics NZ,Income Statement,EBITDA,Opex,Facilities,Rent & Utilities,6/1/22,-71550
Apex Electronics NZ,Income Statement,EBITDA,Opex,G&A,Other G&A,6/1/22,-35770
Apex Electronics NZ,Income Statement,EBITDA,Opex,Logistics,Distribution,6/1/22,-71550
Apex Electronics NZ,Income Statement,EBITDA,Opex,People,Benefits,6/1/22,-35770
Apex Electronics NZ,Income Statement,EBITDA,Opex,People,Salaries & Wages,6/1/22,-357730
Apex Electronics NZ,Income Statement,EBITDA,Opex,Sales & Marketing,Marketing,6/1/22,-71550
Apex Electronics NZ,Income Statement,EBITDA,Opex,Technology,IT & Cloud,6/1/22,-71550
Apex Electronics NZ,Income Statement,EBITDA,Gross Profit,Cost of Goods Sold,Components,7/1/22,-853130
Apex Electronics NZ,Income Statement,EBITDA,Gross Profit,Cost of Goods Sold,Direct Labor,7/1/22,-379170
Apex Electronics NZ,Income Statement,EBITDA,Gross Profit,Cost of Goods Sold,Freight & Duty,7/1/22,-189580
Apex Electronics NZ,Income Statement,EBITDA,Gross Profit,Cost of Goods Sold,Manufacturing Overheads,7/1/22,-284380
Apex Electronics NZ,Income Statement,EBITDA,Gross Profit,Cost of Goods Sold,Packaging,7/1/22,-113750
Apex Electronics NZ,Income Statement,EBITDA,Gross Profit,Cost of Goods Sold,Warranty Provision,7/1/22,-75830
Apex Electronics NZ,Income Statement,EBITDA,Gross Profit,Sales,Accessories,7/1/22,253610
Apex Electronics NZ,Income Statement,EBITDA,Gross Profit,Sales,Laptops,7/1/22,950340
Apex Electronics NZ,Income Statement,EBITDA,Gross Profit,Sales,Mobile Devices,7/1/22,580470
Apex Electronics NZ,Income Statement,EBITDA,Gross Profit,Sales,Smart Home Devices,7/1/22,161080
Apex Electronics NZ,Income Statement,EBITDA,Gross Profit,Sales,TVs,7/1/22,1117780
Apex Electronics NZ,Income Statement,EBITDA,Opex,Facilities,Rent & Utilities,7/1/22,-69400
Apex Electronics NZ,Income Statement,EBITDA,Opex,G&A,Other G&A,7/1/22,-34700
Apex Electronics NZ,Income Statement,EBITDA,Opex,Logistics,Distribution,7/1/22,-69400
Apex Electronics NZ,Income Statement,EBITDA,Opex,People,Benefits,7/1/22,-34700
Apex Electronics NZ,Income Statement,EBITDA,Opex,People,Salaries & Wages,7/1/22,-347010
Apex Electronics NZ,Income Statement,EBITDA,Opex,Sales & Marketing,Marketing,7/1/22,-69400
Apex Electronics NZ,Income Statement,EBITDA,Opex,Technology,IT & Cloud,7/1/22,-69400
Apex Electronics NZ,Income Statement,EBITDA,Gross Profit,Cost of Goods Sold,Components,8/1/22,-864490
Apex Electronics NZ,Income Statement,EBITDA,Gross Profit,Cost of Goods Sold,Direct Labor,8/1/22,-384220
Apex Electronics NZ,Income Statement,EBITDA,Gross Profit,Cost of Goods Sold,Freight & Duty,8/1/22,-192110
Apex Electronics NZ,Income Statement,EBITDA,Gross Profit,Cost of Goods Sold,Manufacturing Overheads,8/1/22,-288160
Apex Electronics NZ,Income Statement,EBITDA,Gross Profit,Cost of Goods Sold,Packaging,8/1/22,-115270
Apex Electronics NZ,Income Statement,EBITDA,Gross Profit,Cost of Goods Sold,Warranty Provision,8/1/22,-76840
Apex Electronics NZ,Income Statement,EBITDA,Gross Profit,Sales,Accessories,8/1/22,239990
Apex Electronics NZ,Income Statement,EBITDA,Gross Profit,Sales,Laptops,8/1/22,972070
Apex Electronics NZ,Income Statement,EBITDA,Gross Profit,Sales,Mobile Devices,8/1/22,627660
Apex Electronics NZ,Income Statement,EBITDA,Gross Profit,Sales,Smart Home Devices,8/1/22,175360
Apex Electronics NZ,Income Statement,EBITDA,Gross Profit,Sales,TVs,8/1/22,1064720
Apex Electronics NZ,Income Statement,EBITDA,Opex,Facilities,Rent & Utilities,8/1/22,-70330
Apex Electronics NZ,Income Statement,EBITDA,Opex,G&A,Other G&A,8/1/22,-35160
Apex Electronics NZ,Income Statement,EBITDA,Opex,Logistics,Distribution,8/1/22,-70330
Apex Electronics NZ,Income Statement,EBITDA,Opex,People,Benefits,8/1/22,-35160
Apex Electronics NZ,Income Statement,EBITDA,Opex,People,Salaries & Wages,8/1/22,-351630
Apex Electronics NZ,Income Statement,EBITDA,Opex,Sales & Marketing,Marketing,8/1/22,-70330
Apex Electronics NZ,Income Statement,EBITDA,Opex,Technology,IT & Cloud,8/1/22,-70330
Apex Electronics NZ,Income Statement,EBITDA,Gross Profit,Cost of Goods Sold,Components,9/1/22,-864130
Apex Electronics NZ,Income Statement,EBITDA,Gross Profit,Cost of Goods Sold,Direct Labor,9/1/22,-384060
Apex Electronics NZ,Income Statement,EBITDA,Gross Profit,Cost of Goods Sold,Freight & Duty,9/1/22,-192030
Apex Electronics NZ,Income Statement,EBITDA,Gross Profit,Cost of Goods Sold,Manufacturing Overheads,9/1/22,-288040
Apex Electronics NZ,Income Statement,EBITDA,Gross Profit,Cost of Goods Sold,Packaging,9/1/22,-115220
Apex Electronics NZ,Income Statement,EBITDA,Gross Profit,Cost of Goods Sold,Warranty Provision,9/1/22,-76810
Apex Electronics NZ,Income Statement,EBITDA,Gross Profit,Sales,Accessories,9/1/22,238140
Apex Electronics NZ,Income Statement,EBITDA,Gross Profit,Sales,Laptops,9/1/22,927060
Apex Electronics NZ,Income Statement,EBITDA,Gross Profit,Sales,Mobile Devices,9/1/22,615750
Apex Electronics NZ,Income Statement,EBITDA,Gross Profit,Sales,Smart Home Devices,9/1/22,192623
Apex Electronics NZ,Income Statement,EBITDA,Gross Profit,Sales,TVs,9/1/22,1070260
Apex Electronics NZ,Income Statement,EBITDA,Opex,Facilities,Rent & Utilities,9/1/22,-70300
Apex Electronics NZ,Income Statement,EBITDA,Opex,G&A,Other G&A,9/1/22,-35150
Apex Electronics NZ,Income Statement,EBITDA,Opex,Logistics,Distribution,9/1/22,-70300
Apex Electronics NZ,Income Statement,EBITDA,Opex,People,Benefits,9/1/22,-35150
Apex Electronics NZ,Income Statement,EBITDA,Opex,People,Salaries & Wages,9/1/22,-351480
Apex Electronics NZ,Income Statement,EBITDA,Opex,Sales & Marketing,Marketing,9/1/22,-70300
Apex Electronics NZ,Income Statement,EBITDA,Opex,Technology,IT & Cloud,9/1/22,-70300
Apex Electronics NZ,Income Statement,EBITDA,Gross Profit,Cost of Goods Sold,Components,10/1/22,-914380
Apex Electronics NZ,Income Statement,EBITDA,Gross Profit,Cost of Goods Sold,Direct Labor,10/1/22,-406390
Apex Electronics NZ,Income Statement,EBITDA,Gross Profit,Cost of Goods Sold,Freight & Duty,10/1/22,-203200
Apex Electronics NZ,Income Statement,EBITDA,Gross Profit,Cost of Goods Sold,Manufacturing Overheads,10/1/22,-304790
Apex Electronics NZ,Income Statement,EBITDA,Gross Profit,Cost of Goods Sold,Packaging,10/1/22,-121920
Apex Electronics NZ,Income Statement,EBITDA,Gross Profit,Cost of Goods Sold,Warranty Provision,10/1/22,-81280
Apex Electronics NZ,Income Statement,EBITDA,Gross Profit,Sales,Accessories,10/1/22,258080
Apex Electronics NZ,Income Statement,EBITDA,Gross Profit,Sales,Laptops,10/1/22,926990
Apex Electronics NZ,Income Statement,EBITDA,Gross Profit,Sales,Mobile Devices,10/1/22,582240
Apex Electronics NZ,Income Statement,EBITDA,Gross Profit,Sales,Smart Home Devices,10/1/22,244967
Apex Electronics NZ,Income Statement,EBITDA,Gross Profit,Sales,TVs,10/1/22,1126290
Apex Electronics NZ,Income Statement,EBITDA,Opex,Facilities,Rent & Utilities,10/1/22,-74380
Apex Electronics NZ,Income Statement,EBITDA,Opex,G&A,Other G&A,10/1/22,-37190
Apex Electronics NZ,Income Statement,EBITDA,Opex,Logistics,Distribution,10/1/22,-74380
Apex Electronics NZ,Income Statement,EBITDA,Opex,People,Benefits,10/1/22,-37190
Apex Electronics NZ,Income Statement,EBITDA,Opex,People,Salaries & Wages,10/1/22,-371920
Apex Electronics NZ,Income Statement,EBITDA,Opex,Sales & Marketing,Marketing,10/1/22,-74380
Apex Electronics NZ,Income Statement,EBITDA,Opex,Technology,IT & Cloud,10/1/22,-74380
Apex Electronics NZ,Income Statement,EBITDA,Gross Profit,Cost of Goods Sold,Components,11/1/22,-956190
Apex Electronics NZ,Income Statement,EBITDA,Gross Profit,Cost of Goods Sold,Direct Labor,11/1/22,-424970
Apex Electronics NZ,Income Statement,EBITDA,Gross Profit,Cost of Goods Sold,Freight & Duty,11/1/22,-212490
Apex Electronics NZ,Income Statement,EBITDA,Gross Profit,Cost of Goods Sold,Manufacturing Overheads,11/1/22,-318730
Apex Electronics NZ,Income Statement,EBITDA,Gross Profit,Cost of Goods Sold,Packaging,11/1/22,-127490
Apex Electronics NZ,Income Statement,EBITDA,Gross Profit,Cost of Goods Sold,Warranty Provision,11/1/22,-84990
Apex Electronics NZ,Income Statement,EBITDA,Gross Profit,Sales,Accessories,11/1/22,250820
Apex Electronics NZ,Income Statement,EBITDA,Gross Profit,Sales,Laptops,11/1/22,916770
Apex Electronics NZ,Income Statement,EBITDA,Gross Profit,Sales,Mobile Devices,11/1/22,608340
Apex Electronics NZ,Income Statement,EBITDA,Gross Profit,Sales,Smart Home Devices,11/1/22,290580
Apex Electronics NZ,Income Statement,EBITDA,Gross Profit,Sales,TVs,11/1/22,1146730
Apex Electronics NZ,Income Statement,EBITDA,Opex,Facilities,Rent & Utilities,11/1/22,-77780
Apex Electronics NZ,Income Statement,EBITDA,Opex,G&A,Other G&A,11/1/22,-38890
Apex Electronics NZ,Income Statement,EBITDA,Opex,Logistics,Distribution,11/1/22,-77780
Apex Electronics NZ,Income Statement,EBITDA,Opex,People,Benefits,11/1/22,-38890
Apex Electronics NZ,Income Statement,EBITDA,Opex,People,Salaries & Wages,11/1/22,-388920
Apex Electronics NZ,Income Statement,EBITDA,Opex,Sales & Marketing,Marketing,11/1/22,-77780
Apex Electronics NZ,Income Statement,EBITDA,Opex,Technology,IT & Cloud,11/1/22,-77780
Apex Electronics NZ,Income Statement,EBITDA,Gross Profit,Cost of Goods Sold,Components,12/1/22,-1043220
Apex Electronics NZ,Income Statement,EBITDA,Gross Profit,Cost of Goods Sold,Direct Labor,12/1/22,-463650
Apex Electronics NZ,Income Statement,EBITDA,Gross Profit,Cost of Goods Sold,Freight & Duty,12/1/22,-231830
Apex Electronics NZ,Income Statement,EBITDA,Gross Profit,Cost of Goods Sold,Manufacturing Overheads,12/1/22,-347740
Apex Electronics NZ,Income Statement,EBITDA,Gross Profit,Cost of Goods Sold,Packaging,12/1/22,-139100
Apex Electronics NZ,Income Statement,EBITDA,Gross Profit,Cost of Goods Sold,Warranty Provision,12/1/22,-92730
Apex Electronics NZ,Income Statement,EBITDA,Gross Profit,Sales,Accessories,12/1/22,235570
Apex Electronics NZ,Income Statement,EBITDA,Gross Profit,Sales,Laptops,12/1/22,959360
Apex Electronics NZ,Income Statement,EBITDA,Gross Profit,Sales,Mobile Devices,12/1/22,622230
Apex Electronics NZ,Income Statement,EBITDA,Gross Profit,Sales,Smart Home Devices,12/1/22,396377
Apex Electronics NZ,Income Statement,EBITDA,Gross Profit,Sales,TVs,12/1/22,1133480
Apex Electronics NZ,Income Statement,EBITDA,Opex,Facilities,Rent & Utilities,12/1/22,-84870
Apex Electronics NZ,Income Statement,EBITDA,Opex,G&A,Other G&A,12/1/22,-42430
Apex Electronics NZ,Income Statement,EBITDA,Opex,Logistics,Distribution,12/1/22,-84870
Apex Electronics NZ,Income Statement,EBITDA,Opex,People,Benefits,12/1/22,-42430
Apex Electronics NZ,Income Statement,EBITDA,Opex,People,Salaries & Wages,12/1/22,-424330
Apex Electronics NZ,Income Statement,EBITDA,Opex,Sales & Marketing,Marketing,12/1/22,-84870
Apex Electronics NZ,Income Statement,EBITDA,Opex,Technology,IT & Cloud,12/1/22,-84870
Apex Electronics NZ,Income Statement,EBITDA,Gross Profit,Cost of Goods Sold,Components,1/1/23,-919070
Apex Electronics NZ,Income Statement,EBITDA,Gross Profit,Cost of Goods Sold,Direct Labor,1/1/23,-408480
Apex Electronics NZ,Income Statement,EBITDA,Gross Profit,Cost of Goods Sold,Freight & Duty,1/1/23,-204240
Apex Electronics NZ,Income Statement,EBITDA,Gross Profit,Cost of Goods Sold,Manufacturing Overheads,1/1/23,-306360
Apex Electronics NZ,Income Statement,EBITDA,Gross Profit,Cost of Goods Sold,Packaging,1/1/23,-122540
Apex Electronics NZ,Income Statement,EBITDA,Gross Profit,Cost of Goods Sold,Warranty Provision,1/1/23,-81700
Apex Electronics NZ,Income Statement,EBITDA,Gross Profit,Sales,Accessories,1/1/23,266600
Apex Electronics NZ,Income Statement,EBITDA,Gross Profit,Sales,Laptops,1/1/23,1060830
Apex Electronics NZ,Income Statement,EBITDA,Gross Profit,Sales,Mobile Devices,1/1/23,654230
Apex Electronics NZ,Income Statement,EBITDA,Gross Profit,Sales,Smart Home Devices,1/1/23,119110
Apex Electronics NZ,Income Statement,EBITDA,Gross Profit,Sales,TVs,1/1/23,1244130
Apex Electronics NZ,Income Statement,EBITDA,Opex,Facilities,Rent & Utilities,1/1/23,-75250
Apex Electronics NZ,Income Statement,EBITDA,Opex,G&A,Other G&A,1/1/23,-37620
Apex Electronics NZ,Income Statement,EBITDA,Opex,Logistics,Distribution,1/1/23,-75250
Apex Electronics NZ,Income Statement,EBITDA,Opex,People,Benefits,1/1/23,-37620
Apex Electronics NZ,Income Statement,EBITDA,Opex,People,Salaries & Wages,1/1/23,-376230
Apex Electronics NZ,Income Statement,EBITDA,Opex,Sales & Marketing,Marketing,1/1/23,-75250
Apex Electronics NZ,Income Statement,EBITDA,Opex,Technology,IT & Cloud,1/1/23,-75250
Apex Electronics NZ,Income Statement,EBITDA,Gross Profit,Cost of Goods Sold,Components,2/1/23,-921120
Apex Electronics NZ,Income Statement,EBITDA,Gross Profit,Cost of Goods Sold,Direct Labor,2/1/23,-409390
Apex Electronics NZ,Income Statement,EBITDA,Gross Profit,Cost of Goods Sold,Freight & Duty,2/1/23,-204690
Apex Electronics NZ,Income Statement,EBITDA,Gross Profit,Cost of Goods Sold,Manufacturing Overheads,2/1/23,-307040
Apex Electronics NZ,Income Statement,EBITDA,Gross Profit,Cost of Goods Sold,Packaging,2/1/23,-122820
Apex Electronics NZ,Income Statement,EBITDA,Gross Profit,Cost of Goods Sold,Warranty Provision,2/1/23,-81880
Apex Electronics NZ,Income Statement,EBITDA,Gross Profit,Sales,Accessories,2/1/23,258300
Apex Electronics NZ,Income Statement,EBITDA,Gross Profit,Sales,Laptops,2/1/23,1083240
Apex Electronics NZ,Income Statement,EBITDA,Gross Profit,Sales,Mobile Devices,2/1/23,633950
Apex Electronics NZ,Income Statement,EBITDA,Gross Profit,Sales,Smart Home Devices,2/1/23,128703
Apex Electronics NZ,Income Statement,EBITDA,Gross Profit,Sales,TVs,2/1/23,1229520
Apex Electronics NZ,Income Statement,EBITDA,Opex,Facilities,Rent & Utilities,2/1/23,-75410
Apex Electronics NZ,Income Statement,EBITDA,Opex,G&A,Other G&A,2/1/23,-37710
Apex Electronics NZ,Income Statement,EBITDA,Opex,Logistics,Distribution,2/1/23,-75410
Apex Electronics NZ,Income Statement,EBITDA,Opex,People,Benefits,2/1/23,-37710
Apex Electronics NZ,Income Statement,EBITDA,Opex,People,Salaries & Wages,2/1/23,-377070
Apex Electronics NZ,Income Statement,EBITDA,Opex,Sales & Marketing,Marketing,2/1/23,-75410
Apex Electronics NZ,Income Statement,EBITDA,Opex,Technology,IT & Cloud,2/1/23,-75410
Apex Electronics NZ,Income Statement,EBITDA,Gross Profit,Cost of Goods Sold,Components,3/1/23,-889960
Apex Electronics NZ,Income Statement,EBITDA,Gross Profit,Cost of Goods Sold,Direct Labor,3/1/23,-395540
Apex Electronics NZ,Income Statement,EBITDA,Gross Profit,Cost of Goods Sold,Freight & Duty,3/1/23,-197770
Apex Electronics NZ,Income Statement,EBITDA,Gross Profit,Cost of Goods Sold,Manufacturing Overheads,3/1/23,-296650
Apex Electronics NZ,Income Statement,EBITDA,Gross Profit,Cost of Goods Sold,Packaging,3/1/23,-118660
Apex Electronics NZ,Income Statement,EBITDA,Gross Profit,Cost of Goods Sold,Warranty Provision,3/1/23,-79110
Apex Electronics NZ,Income Statement,EBITDA,Gross Profit,Sales,Accessories,3/1/23,259620
Apex Electronics NZ,Income Statement,EBITDA,Gross Profit,Sales,Laptops,3/1/23,1027400
Apex Electronics NZ,Income Statement,EBITDA,Gross Profit,Sales,Mobile Devices,3/1/23,637140
Apex Electronics NZ,Income Statement,EBITDA,Gross Profit,Sales,Smart Home Devices,3/1/23,128537
Apex Electronics NZ,Income Statement,EBITDA,Gross Profit,Sales,TVs,3/1/23,1159860
Apex Electronics NZ,Income Statement,EBITDA,Opex,Facilities,Rent & Utilities,3/1/23,-72860
Apex Electronics NZ,Income Statement,EBITDA,Opex,G&A,Other G&A,3/1/23,-36430
Apex Electronics NZ,Income Statement,EBITDA,Opex,Logistics,Distribution,3/1/23,-72860
Apex Electronics NZ,Income Statement,EBITDA,Opex,People,Benefits,3/1/23,-36430
Apex Electronics NZ,Income Statement,EBITDA,Opex,People,Salaries & Wages,3/1/23,-364310
Apex Electronics NZ,Income Statement,EBITDA,Opex,Sales & Marketing,Marketing,3/1/23,-72860
Apex Electronics NZ,Income Statement,EBITDA,Opex,Technology,IT & Cloud,3/1/23,-72860
Apex Electronics NZ,Income Statement,EBITDA,Gross Profit,Cost of Goods Sold,Components,4/1/23,-929650
Apex Electronics NZ,Income Statement,EBITDA,Gross Profit,Cost of Goods Sold,Direct Labor,4/1/23,-413180
Apex Electronics NZ,Income Statement,EBITDA,Gross Profit,Cost of Goods Sold,Freight & Duty,4/1/23,-206590
Apex Electronics NZ,Income Statement,EBITDA,Gross Profit,Cost of Goods Sold,Manufacturing Overheads,4/1/23,-309880
Apex Electronics NZ,Income Statement,EBITDA,Gross Profit,Cost of Goods Sold,Packaging,4/1/23,-123950
Apex Electronics NZ,Income Statement,EBITDA,Gross Profit,Cost of Goods Sold,Warranty Provision,4/1/23,-82640
Apex Electronics NZ,Income Statement,EBITDA,Gross Profit,Sales,Accessories,4/1/23,280130
Apex Electronics NZ,Income Statement,EBITDA,Gross Profit,Sales,Laptops,4/1/23,1030890
Apex Electronics NZ,Income Statement,EBITDA,Gross Profit,Sales,Mobile Devices,4/1/23,660300
Apex Electronics NZ,Income Statement,EBITDA,Gross Profit,Sales,Smart Home Devices,4/1/23,155267
Apex Electronics NZ,Income Statement,EBITDA,Gross Profit,Sales,TVs,4/1/23,1187240
Apex Electronics NZ,Income Statement,EBITDA,Opex,Facilities,Rent & Utilities,4/1/23,-76110
Apex Electronics NZ,Income Statement,EBITDA,Opex,G&A,Other G&A,4/1/23,-38060
Apex Electronics NZ,Income Statement,EBITDA,Opex,Logistics,Distribution,4/1/23,-76110
Apex Electronics NZ,Income Statement,EBITDA,Opex,People,Benefits,4/1/23,-38060
Apex Electronics NZ,Income Statement,EBITDA,Opex,People,Salaries & Wages,4/1/23,-380560
Apex Electronics NZ,Income Statement,EBITDA,Opex,Sales & Marketing,Marketing,4/1/23,-76110
Apex Electronics NZ,Income Statement,EBITDA,Opex,Technology,IT & Cloud,4/1/23,-76110
Apex Electronics NZ,Income Statement,EBITDA,Gross Profit,Cost of Goods Sold,Components,5/1/23,-920890
Apex Electronics NZ,Income Statement,EBITDA,Gross Profit,Cost of Goods Sold,Direct Labor,5/1/23,-409280
Apex Electronics NZ,Income Statement,EBITDA,Gross Profit,Cost of Goods Sold,Freight & Duty,5/1/23,-204640
Apex Electronics NZ,Income Statement,EBITDA,Gross Profit,Cost of Goods Sold,Manufacturing Overheads,5/1/23,-306960
Apex Electronics NZ,Income Statement,EBITDA,Gross Profit,Cost of Goods Sold,Packaging,5/1/23,-122790
Apex Electronics NZ,Income Statement,EBITDA,Gross Profit,Cost of Goods Sold,Warranty Provision,5/1/23,-81860
Apex Electronics NZ,Income Statement,EBITDA,Gross Profit,Sales,Accessories,5/1/23,270640
Apex Electronics NZ,Income Statement,EBITDA,Gross Profit,Sales,Laptops,5/1/23,1002670
Apex Electronics NZ,Income Statement,EBITDA,Gross Profit,Sales,Mobile Devices,5/1/23,651660
Apex Electronics NZ,Income Statement,EBITDA,Gross Profit,Sales,Smart Home Devices,5/1/23,158427
Apex Electronics NZ,Income Statement,EBITDA,Gross Profit,Sales,TVs,5/1/23,1189950
Apex Electronics NZ,Income Statement,EBITDA,Opex,Facilities,Rent & Utilities,5/1/23,-75390
Apex Electronics NZ,Income Statement,EBITDA,Opex,G&A,Other G&A,5/1/23,-37700
Apex Electronics NZ,Income Statement,EBITDA,Opex,Logistics,Distribution,5/1/23,-75390
Apex Electronics NZ,Income Statement,EBITDA,Opex,People,Benefits,5/1/23,-37700
Apex Electronics NZ,Income Statement,EBITDA,Opex,People,Salaries & Wages,5/1/23,-376970
Apex Electronics NZ,Income Statement,EBITDA,Opex,Sales & Marketing,Marketing,5/1/23,-75390
Apex Electronics NZ,Income Statement,EBITDA,Opex,Technology,IT & Cloud,5/1/23,-75390
Apex Electronics NZ,Income Statement,EBITDA,Gross Profit,Cost of Goods Sold,Components,6/1/23,-1011920
Apex Electronics NZ,Income Statement,EBITDA,Gross Profit,Cost of Goods Sold,Direct Labor,6/1/23,-449740
Apex Electronics NZ,Income Statement,EBITDA,Gross Profit,Cost of Goods Sold,Freight & Duty,6/1/23,-224870
Apex Electronics NZ,Income Statement,EBITDA,Gross Profit,Cost of Goods Sold,Manufacturing Overheads,6/1/23,-337310
Apex Electronics NZ,Income Statement,EBITDA,Gross Profit,Cost of Goods Sold,Packaging,6/1/23,-134920
Apex Electronics NZ,Income Statement,EBITDA,Gross Profit,Cost of Goods Sold,Warranty Provision,6/1/23,-89950
Apex Electronics NZ,Income Statement,EBITDA,Gross Profit,Sales,Accessories,6/1/23,277550
Apex Electronics NZ,Income Statement,EBITDA,Gross Profit,Sales,Laptops,6/1/23,1100350
Apex Electronics NZ,Income Statement,EBITDA,Gross Profit,Sales,Mobile Devices,6/1/23,679930
Apex Electronics NZ,Income Statement,EBITDA,Gross Profit,Sales,Smart Home Devices,6/1/23,212993
Apex Electronics NZ,Income Statement,EBITDA,Gross Profit,Sales,TVs,6/1/23,1248320
Apex Electronics NZ,Income Statement,EBITDA,Opex,Facilities,Rent & Utilities,6/1/23,-82850
Apex Electronics NZ,Income Statement,EBITDA,Opex,G&A,Other G&A,6/1/23,-41420
Apex Electronics NZ,Income Statement,EBITDA,Opex,Logistics,Distribution,6/1/23,-82850
Apex Electronics NZ,Income Statement,EBITDA,Opex,People,Benefits,6/1/23,-41420
Apex Electronics NZ,Income Statement,EBITDA,Opex,People,Salaries & Wages,6/1/23,-414240
Apex Electronics NZ,Income Statement,EBITDA,Opex,Sales & Marketing,Marketing,6/1/23,-82850
Apex Electronics NZ,Income Statement,EBITDA,Opex,Technology,IT & Cloud,6/1/23,-82850
Apex Electronics NZ,Income Statement,EBITDA,Gross Profit,Cost of Goods Sold,Components,7/1/23,-945700
Apex Electronics NZ,Income Statement,EBITDA,Gross Profit,Cost of Goods Sold,Direct Labor,7/1/23,-420310
Apex Electronics NZ,Income Statement,EBITDA,Gross Profit,Cost of Goods Sold,Freight & Duty,7/1/23,-210160
Apex Electronics NZ,Income Statement,EBITDA,Gross Profit,Cost of Goods Sold,Manufacturing Overheads,7/1/23,-315230
Apex Electronics NZ,Income Statement,EBITDA,Gross Profit,Cost of Goods Sold,Packaging,7/1/23,-126090
Apex Electronics NZ,Income Statement,EBITDA,Gross Profit,Cost of Goods Sold,Warranty Provision,7/1/23,-84060
Apex Electronics NZ,Income Statement,EBITDA,Gross Profit,Sales,Accessories,7/1/23,263690
Apex Electronics NZ,Income Statement,EBITDA,Gross Profit,Sales,Laptops,7/1/23,1037930
Apex Electronics NZ,Income Statement,EBITDA,Gross Profit,Sales,Mobile Devices,7/1/23,669210
Apex Electronics NZ,Income Statement,EBITDA,Gross Profit,Sales,Smart Home Devices,7/1/23,173517
Apex Electronics NZ,Income Statement,EBITDA,Gross Profit,Sales,TVs,7/1/23,1195540
Apex Electronics NZ,Income Statement,EBITDA,Opex,Facilities,Rent & Utilities,7/1/23,-77430
Apex Electronics NZ,Income Statement,EBITDA,Opex,G&A,Other G&A,7/1/23,-38710
Apex Electronics NZ,Income Statement,EBITDA,Opex,Logistics,Distribution,7/1/23,-77430
Apex Electronics NZ,Income Statement,EBITDA,Opex,People,Benefits,7/1/23,-38710
Apex Electronics NZ,Income Statement,EBITDA,Opex,People,Salaries & Wages,7/1/23,-387130
Apex Electronics NZ,Income Statement,EBITDA,Opex,Sales & Marketing,Marketing,7/1/23,-77430
Apex Electronics NZ,Income Statement,EBITDA,Opex,Technology,IT & Cloud,7/1/23,-77430
Apex Electronics NZ,Income Statement,EBITDA,Gross Profit,Cost of Goods Sold,Components,8/1/23,-965640
Apex Electronics NZ,Income Statement,EBITDA,Gross Profit,Cost of Goods Sold,Direct Labor,8/1/23,-429170
Apex Electronics NZ,Income Statement,EBITDA,Gross Profit,Cost of Goods Sold,Freight & Duty,8/1/23,-214590
Apex Electronics NZ,Income Statement,EBITDA,Gross Profit,Cost of Goods Sold,Manufacturing Overheads,8/1/23,-321880
Apex Electronics NZ,Income Statement,EBITDA,Gross Profit,Cost of Goods Sold,Packaging,8/1/23,-128750
Apex Electronics NZ,Income Statement,EBITDA,Gross Profit,Cost of Goods Sold,Warranty Provision,8/1/23,-85830
Apex Electronics NZ,Income Statement,EBITDA,Gross Profit,Sales,Accessories,8/1/23,264520
Apex Electronics NZ,Income Statement,EBITDA,Gross Profit,Sales,Laptops,8/1/23,1037340
Apex Electronics NZ,Income Statement,EBITDA,Gross Profit,Sales,Mobile Devices,8/1/23,672260
Apex Electronics NZ,Income Statement,EBITDA,Gross Profit,Sales,Smart Home Devices,8/1/23,203753
Apex Electronics NZ,Income Statement,EBITDA,Gross Profit,Sales,TVs,8/1/23,1179300
Apex Electronics NZ,Income Statement,EBITDA,Opex,Facilities,Rent & Utilities,8/1/23,-79060
Apex Electronics NZ,Income Statement,EBITDA,Opex,G&A,Other G&A,8/1/23,-39530
Apex Electronics NZ,Income Statement,EBITDA,Opex,Logistics,Distribution,8/1/23,-79060
Apex Electronics NZ,Income Statement,EBITDA,Opex,People,Benefits,8/1/23,-39530
Apex Electronics NZ,Income Statement,EBITDA,Opex,People,Salaries & Wages,8/1/23,-395290
Apex Electronics NZ,Income Statement,EBITDA,Opex,Sales & Marketing,Marketing,8/1/23,-79060
Apex Electronics NZ,Income Statement,EBITDA,Opex,Technology,IT & Cloud,8/1/23,-79060
Apex Electronics NZ,Income Statement,EBITDA,Gross Profit,Cost of Goods Sold,Components,9/1/23,-988210
Apex Electronics NZ,Income Statement,EBITDA,Gross Profit,Cost of Goods Sold,Direct Labor,9/1/23,-439200
Apex Electronics NZ,Income Statement,EBITDA,Gross Profit,Cost of Goods Sold,Freight & Duty,9/1/23,-219600
Apex Electronics NZ,Income Statement,EBITDA,Gross Profit,Cost of Goods Sold,Manufacturing Overheads,9/1/23,-329400
Apex Electronics NZ,Income Statement,EBITDA,Gross Profit,Cost of Goods Sold,Packaging,9/1/23,-131760
Apex Electronics NZ,Income Statement,EBITDA,Gross Profit,Cost of Goods Sold,Warranty Provision,9/1/23,-87840
Apex Electronics NZ,Income Statement,EBITDA,Gross Profit,Sales,Accessories,9/1/23,273590
Apex Electronics NZ,Income Statement,EBITDA,Gross Profit,Sales,Laptops,9/1/23,1081960
Apex Electronics NZ,Income Statement,EBITDA,Gross Profit,Sales,Mobile Devices,9/1/23,662160
Apex Electronics NZ,Income Statement,EBITDA,Gross Profit,Sales,Smart Home Devices,9/1/23,205550
Apex Electronics NZ,Income Statement,EBITDA,Gross Profit,Sales,TVs,9/1/23,1218310
Apex Electronics NZ,Income Statement,EBITDA,Opex,Facilities,Rent & Utilities,9/1/23,-80910
Apex Electronics NZ,Income Statement,EBITDA,Opex,G&A,Other G&A,9/1/23,-40450
Apex Electronics NZ,Income Statement,EBITDA,Opex,Logistics,Distribution,9/1/23,-80910
Apex Electronics NZ,Income Statement,EBITDA,Opex,People,Benefits,9/1/23,-40450
Apex Electronics NZ,Income Statement,EBITDA,Opex,People,Salaries & Wages,9/1/23,-404530
Apex Electronics NZ,Income Statement,EBITDA,Opex,Sales & Marketing,Marketing,9/1/23,-80910
Apex Electronics NZ,Income Statement,EBITDA,Opex,Technology,IT & Cloud,9/1/23,-80910
Apex Electronics NZ,Income Statement,EBITDA,Gross Profit,Cost of Goods Sold,Components,10/1/23,-1026050
Apex Electronics NZ,Income Statement,EBITDA,Gross Profit,Cost of Goods Sold,Direct Labor,10/1/23,-456020
Apex Electronics NZ,Income Statement,EBITDA,Gross Profit,Cost of Goods Sold,Freight & Duty,10/1/23,-228010
Apex Electronics NZ,Income Statement,EBITDA,Gross Profit,Cost of Goods Sold,Manufacturing Overheads,10/1/23,-342020
Apex Electronics NZ,Income Statement,EBITDA,Gross Profit,Cost of Goods Sold,Packaging,10/1/23,-136810
Apex Electronics NZ,Income Statement,EBITDA,Gross Profit,Cost of Goods Sold,Warranty Provision,10/1/23,-91200
Apex Electronics NZ,Income Statement,EBITDA,Gross Profit,Sales,Accessories,10/1/23,258780
Apex Electronics NZ,Income Statement,EBITDA,Gross Profit,Sales,Laptops,10/1/23,1007490
Apex Electronics NZ,Income Statement,EBITDA,Gross Profit,Sales,Mobile Devices,10/1/23,674900
Apex Electronics NZ,Income Statement,EBITDA,Gross Profit,Sales,Smart Home Devices,10/1/23,281770
Apex Electronics NZ,Income Statement,EBITDA,Gross Profit,Sales,TVs,10/1/23,1213730
Apex Electronics NZ,Income Statement,EBITDA,Opex,Facilities,Rent & Utilities,10/1/23,-84000
Apex Electronics NZ,Income Statement,EBITDA,Opex,G&A,Other G&A,10/1/23,-42000
Apex Electronics NZ,Income Statement,EBITDA,Opex,Logistics,Distribution,10/1/23,-84000
Apex Electronics NZ,Income Statement,EBITDA,Opex,People,Benefits,10/1/23,-42000
Apex Electronics NZ,Income Statement,EBITDA,Opex,People,Salaries & Wages,10/1/23,-420020
Apex Electronics NZ,Income Statement,EBITDA,Opex,Sales & Marketing,Marketing,10/1/23,-84000
Apex Electronics NZ,Income Statement,EBITDA,Opex,Technology,IT & Cloud,10/1/23,-84000
Apex Electronics NZ,Income Statement,EBITDA,Gross Profit,Cost of Goods Sold,Components,11/1/23,-1076870
Apex Electronics NZ,Income Statement,EBITDA,Gross Profit,Cost of Goods Sold,Direct Labor,11/1/23,-478610
Apex Electronics NZ,Income Statement,EBITDA,Gross Profit,Cost of Goods Sold,Freight & Duty,11/1/23,-239300
Apex Electronics NZ,Income Statement,EBITDA,Gross Profit,Cost of Goods Sold,Manufacturing Overheads,11/1/23,-358960
Apex Electronics NZ,Income Statement,EBITDA,Gross Profit,Cost of Goods Sold,Packaging,11/1/23,-143580
Apex Electronics NZ,Income Statement,EBITDA,Gross Profit,Cost of Goods Sold,Warranty Provision,11/1/23,-95720
Apex Electronics NZ,Income Statement,EBITDA,Gross Profit,Sales,Accessories,11/1/23,272430
Apex Electronics NZ,Income Statement,EBITDA,Gross Profit,Sales,Laptops,11/1/23,1096830
Apex Electronics NZ,Income Statement,EBITDA,Gross Profit,Sales,Mobile Devices,11/1/23,643720
Apex Electronics NZ,Income Statement,EBITDA,Gross Profit,Sales,Smart Home Devices,11/1/23,316637
Apex Electronics NZ,Income Statement,EBITDA,Gross Profit,Sales,TVs,11/1/23,1235410
Apex Electronics NZ,Income Statement,EBITDA,Opex,Facilities,Rent & Utilities,11/1/23,-88160
Apex Electronics NZ,Income Statement,EBITDA,Opex,G&A,Other G&A,11/1/23,-44080
Apex Electronics NZ,Income Statement,EBITDA,Opex,Logistics,Distribution,11/1/23,-88160
Apex Electronics NZ,Income Statement,EBITDA,Opex,People,Benefits,11/1/23,-44080
Apex Electronics NZ,Income Statement,EBITDA,Opex,People,Salaries & Wages,11/1/23,-440820
Apex Electronics NZ,Income Statement,EBITDA,Opex,Sales & Marketing,Marketing,11/1/23,-88160
Apex Electronics NZ,Income Statement,EBITDA,Opex,Technology,IT & Cloud,11/1/23,-88160
Apex Electronics NZ,Income Statement,EBITDA,Gross Profit,Cost of Goods Sold,Components,12/1/23,-1178210
Apex Electronics NZ,Income Statement,EBITDA,Gross Profit,Cost of Goods Sold,Direct Labor,12/1/23,-523650
Apex Electronics NZ,Income Statement,EBITDA,Gross Profit,Cost of Goods Sold,Freight & Duty,12/1/23,-261820
Apex Electronics NZ,Income Statement,EBITDA,Gross Profit,Cost of Goods Sold,Manufacturing Overheads,12/1/23,-392740
Apex Electronics NZ,Income Statement,EBITDA,Gross Profit,Cost of Goods Sold,Packaging,12/1/23,-157090
Apex Electronics NZ,Income Statement,EBITDA,Gross Profit,Cost of Goods Sold,Warranty Provision,12/1/23,-104730
Apex Electronics NZ,Income Statement,EBITDA,Gross Profit,Sales,Accessories,12/1/23,269790
Apex Electronics NZ,Income Statement,EBITDA,Gross Profit,Sales,Laptops,12/1/23,1077710
Apex Electronics NZ,Income Statement,EBITDA,Gross Profit,Sales,Mobile Devices,12/1/23,679750
Apex Electronics NZ,Income Statement,EBITDA,Gross Profit,Sales,Smart Home Devices,12/1/23,454483
Apex Electronics NZ,Income Statement,EBITDA,Gross Profit,Sales,TVs,12/1/23,1202720
Apex Electronics NZ,Income Statement,EBITDA,Opex,Facilities,Rent & Utilities,12/1/23,-96460
Apex Electronics NZ,Income Statement,EBITDA,Opex,G&A,Other G&A,12/1/23,-48230
Apex Electronics NZ,Income Statement,EBITDA,Opex,Logistics,Distribution,12/1/23,-96460
Apex Electronics NZ,Income Statement,EBITDA,Opex,People,Benefits,12/1/23,-48230
Apex Electronics NZ,Income Statement,EBITDA,Opex,People,Salaries & Wages,12/1/23,-482310
Apex Electronics NZ,Income Statement,EBITDA,Opex,Sales & Marketing,Marketing,12/1/23,-96460
Apex Electronics NZ,Income Statement,EBITDA,Opex,Technology,IT & Cloud,12/1/23,-96460
Apex Electronics NZ,Income Statement,EBITDA,Gross Profit,Cost of Goods Sold,Components,1/1/24,-1012300
Apex Electronics NZ,Income Statement,EBITDA,Gross Profit,Cost of Goods Sold,Direct Labor,1/1/24,-449910
Apex Electronics NZ,Income Statement,EBITDA,Gross Profit,Cost of Goods Sold,Freight & Duty,1/1/24,-224960
Apex Electronics NZ,Income Statement,EBITDA,Gross Profit,Cost of Goods Sold,Manufacturing Overheads,1/1/24,-337430
Apex Electronics NZ,Income Statement,EBITDA,Gross Profit,Cost of Goods Sold,Packaging,1/1/24,-134970
Apex Electronics NZ,Income Statement,EBITDA,Gross Profit,Cost of Goods Sold,Warranty Provision,1/1/24,-89980
Apex Electronics NZ,Income Statement,EBITDA,Gross Profit,Sales,Accessories,1/1/24,287630
Apex Electronics NZ,Income Statement,EBITDA,Gross Profit,Sales,Laptops,1/1/24,1168700
Apex Electronics NZ,Income Statement,EBITDA,Gross Profit,Sales,Mobile Devices,1/1/24,727240
Apex Electronics NZ,Income Statement,EBITDA,Gross Profit,Sales,Smart Home Devices,1/1/24,135180
Apex Electronics NZ,Income Statement,EBITDA,Gross Profit,Sales,TVs,1/1/24,1289420
Apex Electronics NZ,Income Statement,EBITDA,Opex,Facilities,Rent & Utilities,1/1/24,-85330
Apex Electronics NZ,Income Statement,EBITDA,Opex,G&A,Other G&A,1/1/24,-42660
Apex Electronics NZ,Income Statement,EBITDA,Opex,Logistics,Distribution,1/1/24,-85330
Apex Electronics NZ,Income Statement,EBITDA,Opex,People,Benefits,1/1/24,-42660
Apex Electronics NZ,Income Statement,EBITDA,Opex,People,Salaries & Wages,1/1/24,-426640
Apex Electronics NZ,Income Statement,EBITDA,Opex,Sales & Marketing,Marketing,1/1/24,-85330
Apex Electronics NZ,Income Statement,EBITDA,Opex,Technology,IT & Cloud,1/1/24,-85330
Apex Electronics NZ,Income Statement,EBITDA,Gross Profit,Cost of Goods Sold,Components,2/1/24,-1008730
Apex Electronics NZ,Income Statement,EBITDA,Gross Profit,Cost of Goods Sold,Direct Labor,2/1/24,-448320
Apex Electronics NZ,Income Statement,EBITDA,Gross Profit,Cost of Goods Sold,Freight & Duty,2/1/24,-224160
Apex Electronics NZ,Income Statement,EBITDA,Gross Profit,Cost of Goods Sold,Manufacturing Overheads,2/1/24,-336240
Apex Electronics NZ,Income Statement,EBITDA,Gross Profit,Cost of Goods Sold,Packaging,2/1/24,-134500
Apex Electronics NZ,Income Statement,EBITDA,Gross Profit,Cost of Goods Sold,Warranty Provision,2/1/24,-89660
Apex Electronics NZ,Income Statement,EBITDA,Gross Profit,Sales,Accessories,2/1/24,289090
Apex Electronics NZ,Income Statement,EBITDA,Gross Profit,Sales,Laptops,2/1/24,1187110
Apex Electronics NZ,Income Statement,EBITDA,Gross Profit,Sales,Mobile Devices,2/1/24,710560
Apex Electronics NZ,Income Statement,EBITDA,Gross Profit,Sales,Smart Home Devices,2/1/24,141297
Apex Electronics NZ,Income Statement,EBITDA,Gross Profit,Sales,TVs,2/1/24,1254210
Apex Electronics NZ,Income Statement,EBITDA,Opex,Facilities,Rent & Utilities,2/1/24,-85030
Apex Electronics NZ,Income Statement,EBITDA,Opex,G&A,Other G&A,2/1/24,-42510
Apex Electronics NZ,Income Statement,EBITDA,Opex,Logistics,Distribution,2/1/24,-85030
Apex Electronics NZ,Income Statement,EBITDA,Opex,People,Benefits,2/1/24,-42510
Apex Electronics NZ,Income Statement,EBITDA,Opex,People,Salaries & Wages,2/1/24,-425130
Apex Electronics NZ,Income Statement,EBITDA,Opex,Sales & Marketing,Marketing,2/1/24,-85030
Apex Electronics NZ,Income Statement,EBITDA,Opex,Technology,IT & Cloud,2/1/24,-85030
Apex Electronics NZ,Income Statement,EBITDA,Gross Profit,Cost of Goods Sold,Components,3/1/24,-1046160
Apex Electronics NZ,Income Statement,EBITDA,Gross Profit,Cost of Goods Sold,Direct Labor,3/1/24,-464960
Apex Electronics NZ,Income Statement,EBITDA,Gross Profit,Cost of Goods Sold,Freight & Duty,3/1/24,-232480
Apex Electronics NZ,Income Statement,EBITDA,Gross Profit,Cost of Goods Sold,Manufacturing Overheads,3/1/24,-348720
Apex Electronics NZ,Income Statement,EBITDA,Gross Profit,Cost of Goods Sold,Packaging,3/1/24,-139490
Apex Electronics NZ,Income Statement,EBITDA,Gross Profit,Cost of Goods Sold,Warranty Provision,3/1/24,-92990
Apex Electronics NZ,Income Statement,EBITDA,Gross Profit,Sales,Accessories,3/1/24,281340
Apex Electronics NZ,Income Statement,EBITDA,Gross Profit,Sales,Laptops,3/1/24,1162270
Apex Electronics NZ,Income Statement,EBITDA,Gross Profit,Sales,Mobile Devices,3/1/24,747260
Apex Electronics NZ,Income Statement,EBITDA,Gross Profit,Sales,Smart Home Devices,3/1/24,151377
Apex Electronics NZ,Income Statement,EBITDA,Gross Profit,Sales,TVs,3/1/24,1363260
Apex Electronics NZ,Income Statement,EBITDA,Opex,Facilities,Rent & Utilities,3/1/24,-88180
Apex Electronics NZ,Income Statement,EBITDA,Opex,G&A,Other G&A,3/1/24,-44090
Apex Electronics NZ,Income Statement,EBITDA,Opex,Logistics,Distribution,3/1/24,-88180
Apex Electronics NZ,Income Statement,EBITDA,Opex,People,Benefits,3/1/24,-44090
Apex Electronics NZ,Income Statement,EBITDA,Opex,People,Salaries & Wages,3/1/24,-440910
Apex Electronics NZ,Income Statement,EBITDA,Opex,Sales & Marketing,Marketing,3/1/24,-88180
Apex Electronics NZ,Income Statement,EBITDA,Opex,Technology,IT & Cloud,3/1/24,-88180
Apex Electronics NZ,Income Statement,EBITDA,Gross Profit,Cost of Goods Sold,Components,4/1/24,-1029620
Apex Electronics NZ,Income Statement,EBITDA,Gross Profit,Cost of Goods Sold,Direct Labor,4/1/24,-457610
Apex Electronics NZ,Income Statement,EBITDA,Gross Profit,Cost of Goods Sold,Freight & Duty,4/1/24,-228810
Apex Electronics NZ,Income Statement,EBITDA,Gross Profit,Cost of Goods Sold,Manufacturing Overheads,4/1/24,-343210
Apex Electronics NZ,Income Statement,EBITDA,Gross Profit,Cost of Goods Sold,Packaging,4/1/24,-137280
Apex Electronics NZ,Income Statement,EBITDA,Gross Profit,Cost of Goods Sold,Warranty Provision,4/1/24,-91520
Apex Electronics NZ,Income Statement,EBITDA,Gross Profit,Sales,Accessories,4/1/24,291290
Apex Electronics NZ,Income Statement,EBITDA,Gross Profit,Sales,Laptops,4/1/24,1174510
Apex Electronics NZ,Income Statement,EBITDA,Gross Profit,Sales,Mobile Devices,4/1/24,700370
Apex Electronics NZ,Income Statement,EBITDA,Gross Profit,Sales,Smart Home Devices,4/1/24,161563
Apex Electronics NZ,Income Statement,EBITDA,Gross Profit,Sales,TVs,4/1/24,1294060
Apex Electronics NZ,Income Statement,EBITDA,Opex,Facilities,Rent & Utilities,4/1/24,-86790
Apex Electronics NZ,Income Statement,EBITDA,Opex,G&A,Other G&A,4/1/24,-43390
Apex Electronics NZ,Income Statement,EBITDA,Opex,Logistics,Distribution,4/1/24,-86790
Apex Electronics NZ,Income Statement,EBITDA,Opex,People,Benefits,4/1/24,-43390
Apex Electronics NZ,Income Statement,EBITDA,Opex,People,Salaries & Wages,4/1/24,-433940
Apex Electronics NZ,Income Statement,EBITDA,Opex,Sales & Marketing,Marketing,4/1/24,-86790
Apex Electronics NZ,Income Statement,EBITDA,Opex,Technology,IT & Cloud,4/1/24,-86790
Apex Electronics NZ,Income Statement,EBITDA,Gross Profit,Cost of Goods Sold,Components,5/1/24,-1266990
Apex Electronics NZ,Income Statement,EBITDA,Gross Profit,Cost of Goods Sold,Direct Labor,5/1/24,-563110
Apex Electronics NZ,Income Statement,EBITDA,Gross Profit,Cost of Goods Sold,Freight & Duty,5/1/24,-281550
Apex Electronics NZ,Income Statement,EBITDA,Gross Profit,Cost of Goods Sold,Manufacturing Overheads,5/1/24,-422330
Apex Electronics NZ,Income Statement,EBITDA,Gross Profit,Cost of Goods Sold,Packaging,5/1/24,-168930
Apex Electronics NZ,Income Statement,EBITDA,Gross Profit,Cost of Goods Sold,Warranty Provision,5/1/24,-112620
Apex Electronics NZ,Income Statement,EBITDA,Gross Profit,Sales,Accessories,5/1/24,337190
Apex Electronics NZ,Income Statement,EBITDA,Gross Profit,Sales,Laptops,5/1/24,1335500
Apex Electronics NZ,Income Statement,EBITDA,Gross Profit,Sales,Mobile Devices,5/1/24,886910
Apex Electronics NZ,Income Statement,EBITDA,Gross Profit,Sales,Smart Home Devices,5/1/24,225207
Apex Electronics NZ,Income Statement,EBITDA,Gross Profit,Sales,TVs,5/1/24,1619160
Apex Electronics NZ,Income Statement,EBITDA,Opex,Facilities,Rent & Utilities,5/1/24,-106800
Apex Electronics NZ,Income Statement,EBITDA,Opex,G&A,Other G&A,5/1/24,-53400
Apex Electronics NZ,Income Statement,EBITDA,Opex,Logistics,Distribution,5/1/24,-106800
Apex Electronics NZ,Income Statement,EBITDA,Opex,People,Benefits,5/1/24,-53400
Apex Electronics NZ,Income Statement,EBITDA,Opex,People,Salaries & Wages,5/1/24,-533980
Apex Electronics NZ,Income Statement,EBITDA,Opex,Sales & Marketing,Marketing,5/1/24,-106800
Apex Electronics NZ,Income Statement,EBITDA,Opex,Technology,IT & Cloud,5/1/24,-106800
Apex Electronics NZ,Income Statement,EBITDA,Gross Profit,Cost of Goods Sold,Components,6/1/24,-1068060
Apex Electronics NZ,Income Statement,EBITDA,Gross Profit,Cost of Goods Sold,Direct Labor,6/1/24,-474690
Apex Electronics NZ,Income Statement,EBITDA,Gross Profit,Cost of Goods Sold,Freight & Duty,6/1/24,-237350
Apex Electronics NZ,Income Statement,EBITDA,Gross Profit,Cost of Goods Sold,Manufacturing Overheads,6/1/24,-356020
Apex Electronics NZ,Income Statement,EBITDA,Gross Profit,Cost of Goods Sold,Packaging,6/1/24,-142410
Apex Electronics NZ,Income Statement,EBITDA,Gross Profit,Cost of Goods Sold,Warranty Provision,6/1/24,-94940
Apex Electronics NZ,Income Statement,EBITDA,Gross Profit,Sales,Accessories,6/1/24,283670
Apex Electronics NZ,Income Statement,EBITDA,Gross Profit,Sales,Laptops,6/1/24,1096890
Apex Electronics NZ,Income Statement,EBITDA,Gross Profit,Sales,Mobile Devices,6/1/24,734790
Apex Electronics NZ,Income Statement,EBITDA,Gross Profit,Sales,Smart Home Devices,6/1/24,236843
Apex Electronics NZ,Income Statement,EBITDA,Gross Profit,Sales,TVs,6/1/24,1266310
Apex Electronics NZ,Income Statement,EBITDA,Opex,Facilities,Rent & Utilities,6/1/24,-90030
Apex Electronics NZ,Income Statement,EBITDA,Opex,G&A,Other G&A,6/1/24,-45010
Apex Electronics NZ,Income Statement,EBITDA,Opex,Logistics,Distribution,6/1/24,-90030
Apex Electronics NZ,Income Statement,EBITDA,Opex,People,Benefits,6/1/24,-45010
Apex Electronics NZ,Income Statement,EBITDA,Opex,People,Salaries & Wages,6/1/24,-450140
Apex Electronics NZ,Income Statement,EBITDA,Opex,Sales & Marketing,Marketing,6/1/24,-90030
Apex Electronics NZ,Income Statement,EBITDA,Opex,Technology,IT & Cloud,6/1/24,-90030
Apex Electronics NZ,Income Statement,EBITDA,Gross Profit,Cost of Goods Sold,Components,7/1/24,-1062030
Apex Electronics NZ,Income Statement,EBITDA,Gross Profit,Cost of Goods Sold,Direct Labor,7/1/24,-472010
Apex Electronics NZ,Income Statement,EBITDA,Gross Profit,Cost of Goods Sold,Freight & Duty,7/1/24,-236010
Apex Electronics NZ,Income Statement,EBITDA,Gross Profit,Cost of Goods Sold,Manufacturing Overheads,7/1/24,-354010
Apex Electronics NZ,Income Statement,EBITDA,Gross Profit,Cost of Goods Sold,Packaging,7/1/24,-141600
Apex Electronics NZ,Income Statement,EBITDA,Gross Profit,Cost of Goods Sold,Warranty Provision,7/1/24,-94400
Apex Electronics NZ,Income Statement,EBITDA,Gross Profit,Sales,Accessories,7/1/24,279550
Apex Electronics NZ,Income Statement,EBITDA,Gross Profit,Sales,Laptops,7/1/24,1107760
Apex Electronics NZ,Income Statement,EBITDA,Gross Profit,Sales,Mobile Devices,7/1/24,739980
Apex Electronics NZ,Income Statement,EBITDA,Gross Profit,Sales,Smart Home Devices,7/1/24,200870
Apex Electronics NZ,Income Statement,EBITDA,Gross Profit,Sales,TVs,7/1/24,1339190
Apex Electronics NZ,Income Statement,EBITDA,Opex,Facilities,Rent & Utilities,7/1/24,-89520
Apex Electronics NZ,Income Statement,EBITDA,Opex,G&A,Other G&A,7/1/24,-44760
Apex Electronics NZ,Income Statement,EBITDA,Opex,Logistics,Distribution,7/1/24,-89520
Apex Electronics NZ,Income Statement,EBITDA,Opex,People,Benefits,7/1/24,-44760
Apex Electronics NZ,Income Statement,EBITDA,Opex,People,Salaries & Wages,7/1/24,-447600
Apex Electronics NZ,Income Statement,EBITDA,Opex,Sales & Marketing,Marketing,7/1/24,-89520
Apex Electronics NZ,Income Statement,EBITDA,Opex,Technology,IT & Cloud,7/1/24,-89520
Apex Electronics NZ,Income Statement,EBITDA,Gross Profit,Cost of Goods Sold,Components,8/1/24,-1047410
Apex Electronics NZ,Income Statement,EBITDA,Gross Profit,Cost of Goods Sold,Direct Labor,8/1/24,-465510
Apex Electronics NZ,Income Statement,EBITDA,Gross Profit,Cost of Goods Sold,Freight & Duty,8/1/24,-232760
Apex Electronics NZ,Income Statement,EBITDA,Gross Profit,Cost of Goods Sold,Manufacturing Overheads,8/1/24,-349140
Apex Electronics NZ,Income Statement,EBITDA,Gross Profit,Cost of Goods Sold,Packaging,8/1/24,-139650
Apex Electronics NZ,Income Statement,EBITDA,Gross Profit,Cost of Goods Sold,Warranty Provision,8/1/24,-93100
Apex Electronics NZ,Income Statement,EBITDA,Gross Profit,Sales,Accessories,8/1/24,299670
Apex Electronics NZ,Income Statement,EBITDA,Gross Profit,Sales,Laptops,8/1/24,1094840
Apex Electronics NZ,Income Statement,EBITDA,Gross Profit,Sales,Mobile Devices,8/1/24,715320
Apex Electronics NZ,Income Statement,EBITDA,Gross Profit,Sales,Smart Home Devices,8/1/24,213997
Apex Electronics NZ,Income Statement,EBITDA,Gross Profit,Sales,TVs,8/1/24,1261230
Apex Electronics NZ,Income Statement,EBITDA,Opex,Facilities,Rent & Utilities,8/1/24,-88290
Apex Electronics NZ,Income Statement,EBITDA,Opex,G&A,Other G&A,8/1/24,-44140
Apex Electronics NZ,Income Statement,EBITDA,Opex,Logistics,Distribution,8/1/24,-88290
Apex Electronics NZ,Income Statement,EBITDA,Opex,People,Benefits,8/1/24,-44140
Apex Electronics NZ,Income Statement,EBITDA,Opex,People,Salaries & Wages,8/1/24,-441440
Apex Electronics NZ,Income Statement,EBITDA,Opex,Sales & Marketing,Marketing,8/1/24,-88290
Apex Electronics NZ,Income Statement,EBITDA,Opex,Technology,IT & Cloud,8/1/24,-88290
Apex Electronics NZ,Income Statement,EBITDA,Gross Profit,Cost of Goods Sold,Components,9/1/24,-1099410
Apex Electronics NZ,Income Statement,EBITDA,Gross Profit,Cost of Goods Sold,Direct Labor,9/1/24,-488630
Apex Electronics NZ,Income Statement,EBITDA,Gross Profit,Cost of Goods Sold,Freight & Duty,9/1/24,-244310
Apex Electronics NZ,Income Statement,EBITDA,Gross Profit,Cost of Goods Sold,Manufacturing Overheads,9/1/24,-366470
Apex Electronics NZ,Income Statement,EBITDA,Gross Profit,Cost of Goods Sold,Packaging,9/1/24,-146590
Apex Electronics NZ,Income Statement,EBITDA,Gross Profit,Cost of Goods Sold,Warranty Provision,9/1/24,-97730
Apex Electronics NZ,Income Statement,EBITDA,Gross Profit,Sales,Accessories,9/1/24,279470
Apex Electronics NZ,Income Statement,EBITDA,Gross Profit,Sales,Laptops,9/1/24,1192120
Apex Electronics NZ,Income Statement,EBITDA,Gross Profit,Sales,Mobile Devices,9/1/24,722980
Apex Electronics NZ,Income Statement,EBITDA,Gross Profit,Sales,Smart Home Devices,9/1/24,230147
Apex Electronics NZ,Income Statement,EBITDA,Gross Profit,Sales,TVs,9/1/24,1327290
Apex Electronics NZ,Income Statement,EBITDA,Opex,Facilities,Rent & Utilities,9/1/24,-92670
Apex Electronics NZ,Income Statement,EBITDA,Opex,G&A,Other G&A,9/1/24,-46340
Apex Electronics NZ,Income Statement,EBITDA,Opex,Logistics,Distribution,9/1/24,-92670
Apex Electronics NZ,Income Statement,EBITDA,Opex,People,Benefits,9/1/24,-46340
Apex Electronics NZ,Income Statement,EBITDA,Opex,People,Salaries & Wages,9/1/24,-463350
Apex Electronics NZ,Income Statement,EBITDA,Opex,Sales & Marketing,Marketing,9/1/24,-92670
Apex Electronics NZ,Income Statement,EBITDA,Opex,Technology,IT & Cloud,9/1/24,-92670
Apex Electronics NZ,Income Statement,EBITDA,Gross Profit,Cost of Goods Sold,Components,10/1/24,-1136210
Apex Electronics NZ,Income Statement,EBITDA,Gross Profit,Cost of Goods Sold,Direct Labor,10/1/24,-504980
Apex Electronics NZ,Income Statement,EBITDA,Gross Profit,Cost of Goods Sold,Freight & Duty,10/1/24,-252490
Apex Electronics NZ,Income Statement,EBITDA,Gross Profit,Cost of Goods Sold,Manufacturing Overheads,10/1/24,-378740
Apex Electronics NZ,Income Statement,EBITDA,Gross Profit,Cost of Goods Sold,Packaging,10/1/24,-151490
Apex Electronics NZ,Income Statement,EBITDA,Gross Profit,Cost of Goods Sold,Warranty Provision,10/1/24,-101000
Apex Electronics NZ,Income Statement,EBITDA,Gross Profit,Sales,Accessories,10/1/24,300810
Apex Electronics NZ,Income Statement,EBITDA,Gross Profit,Sales,Laptops,10/1/24,1192100
Apex Electronics NZ,Income Statement,EBITDA,Gross Profit,Sales,Mobile Devices,10/1/24,712040
Apex Electronics NZ,Income Statement,EBITDA,Gross Profit,Sales,Smart Home Devices,10/1/24,296490
Apex Electronics NZ,Income Statement,EBITDA,Gross Profit,Sales,TVs,10/1/24,1258860
Apex Electronics NZ,Income Statement,EBITDA,Opex,Facilities,Rent & Utilities,10/1/24,-95770
Apex Electronics NZ,Income Statement,EBITDA,Opex,G&A,Other G&A,10/1/24,-47890
Apex Electronics NZ,Income Statement,EBITDA,Opex,Logistics,Distribution,10/1/24,-95770
Apex Electronics NZ,Income Statement,EBITDA,Opex,People,Benefits,10/1/24,-47890
Apex Electronics NZ,Income Statement,EBITDA,Opex,People,Salaries & Wages,10/1/24,-478860
Apex Electronics NZ,Income Statement,EBITDA,Opex,Sales & Marketing,Marketing,10/1/24,-95770
Apex Electronics NZ,Income Statement,EBITDA,Opex,Technology,IT & Cloud,10/1/24,-95770
Apex Electronics NZ,Income Statement,EBITDA,Gross Profit,Cost of Goods Sold,Components,11/1/24,-1196050
Apex Electronics NZ,Income Statement,EBITDA,Gross Profit,Cost of Goods Sold,Direct Labor,11/1/24,-531580
Apex Electronics NZ,Income Statement,EBITDA,Gross Profit,Cost of Goods Sold,Freight & Duty,11/1/24,-265790
Apex Electronics NZ,Income Statement,EBITDA,Gross Profit,Cost of Goods Sold,Manufacturing Overheads,11/1/24,-398680
Apex Electronics NZ,Income Statement,EBITDA,Gross Profit,Cost of Goods Sold,Packaging,11/1/24,-159470
Apex Electronics NZ,Income Statement,EBITDA,Gross Profit,Cost of Goods Sold,Warranty Provision,11/1/24,-106320
Apex Electronics NZ,Income Statement,EBITDA,Gross Profit,Sales,Accessories,11/1/24,282220
Apex Electronics NZ,Income Statement,EBITDA,Gross Profit,Sales,Laptops,11/1/24,1154480
Apex Electronics NZ,Income Statement,EBITDA,Gross Profit,Sales,Mobile Devices,11/1/24,746500
Apex Electronics NZ,Income Statement,EBITDA,Gross Profit,Sales,Smart Home Devices,11/1/24,357800
Apex Electronics NZ,Income Statement,EBITDA,Gross Profit,Sales,TVs,11/1/24,1325970
Apex Electronics NZ,Income Statement,EBITDA,Opex,Facilities,Rent & Utilities,11/1/24,-100820
Apex Electronics NZ,Income Statement,EBITDA,Opex,G&A,Other G&A,11/1/24,-50410
Apex Electronics NZ,Income Statement,EBITDA,Opex,Logistics,Distribution,11/1/24,-100820
Apex Electronics NZ,Income Statement,EBITDA,Opex,People,Benefits,11/1/24,-50410
Apex Electronics NZ,Income Statement,EBITDA,Opex,People,Salaries & Wages,11/1/24,-504080
Apex Electronics NZ,Income Statement,EBITDA,Opex,Sales & Marketing,Marketing,11/1/24,-100820
Apex Electronics NZ,Income Statement,EBITDA,Opex,Technology,IT & Cloud,11/1/24,-100820
Apex Electronics NZ,Income Statement,EBITDA,Gross Profit,Cost of Goods Sold,Components,12/1/24,-1271820
Apex Electronics NZ,Income Statement,EBITDA,Gross Profit,Cost of Goods Sold,Direct Labor,12/1/24,-565250
Apex Electronics NZ,Income Statement,EBITDA,Gross Profit,Cost of Goods Sold,Freight & Duty,12/1/24,-282630
Apex Electronics NZ,Income Statement,EBITDA,Gross Profit,Cost of Goods Sold,Manufacturing Overheads,12/1/24,-423940
Apex Electronics NZ,Income Statement,EBITDA,Gross Profit,Cost of Goods Sold,Packaging,12/1/24,-169580
Apex Electronics NZ,Income Statement,EBITDA,Gross Profit,Cost of Goods Sold,Warranty Provision,12/1/24,-113050
Apex Electronics NZ,Income Statement,EBITDA,Gross Profit,Sales,Accessories,12/1/24,296440
Apex Electronics NZ,Income Statement,EBITDA,Gross Profit,Sales,Laptops,12/1/24,1129300
Apex Electronics NZ,Income Statement,EBITDA,Gross Profit,Sales,Mobile Devices,12/1/24,722940
Apex Electronics NZ,Income Statement,EBITDA,Gross Profit,Sales,Smart Home Devices,12/1/24,483200
Apex Electronics NZ,Income Statement,EBITDA,Gross Profit,Sales,TVs,12/1/24,1274610
Apex Electronics NZ,Income Statement,EBITDA,Opex,Facilities,Rent & Utilities,12/1/24,-107200
Apex Electronics NZ,Income Statement,EBITDA,Opex,G&A,Other G&A,12/1/24,-53600
Apex Electronics NZ,Income Statement,EBITDA,Opex,Logistics,Distribution,12/1/24,-107200
Apex Electronics NZ,Income Statement,EBITDA,Opex,People,Benefits,12/1/24,-53600
Apex Electronics NZ,Income Statement,EBITDA,Opex,People,Salaries & Wages,12/1/24,-536020
Apex Electronics NZ,Income Statement,EBITDA,Opex,Sales & Marketing,Marketing,12/1/24,-107200
Apex Electronics NZ,Income Statement,EBITDA,Opex,Technology,IT & Cloud,12/1/24,-107200